sellingprice,mmr,profit_margin
2250.0,2250.0,0.0
15600.0,15850.0,-1.5772870662460567
35000.0,33800.0,3.5502958579881656
44900.0,45700.0,-1.75054704595186
12300.0,13250.0,-7.169811320754717
2200.0,3475.0,-36.69064748201439
17600.0,18500.0,-4.864864864864865
14400.0,14350.0,0.34843205574912894
14200.0,13650.0,4.029304029304029
35900.0,29100.0,23.367697594501717
4700.0,4025.0,16.77018633540373
6000.0,5425.0,10.599078341013826
2400.0,3425.0,-29.927007299270077
21100.0,21000.0,0.4761904761904762
8600.0,6550.0,31.297709923664126
27800.0,28900.0,-3.8062283737024223
22800.0,25500.0,-10.588235294117647
30000.0,28200.0,6.382978723404255
24750.0,24000.0,3.125
36750.0,32800.0,12.042682926829269
13600.0,12850.0,5.836575875486381
2300.0,2250.0,2.2222222222222223
15000.0,13050.0,14.942528735632186
2200.0,4925.0,-55.32994923857868
20000.0,20400.0,-1.9607843137254901
11900.0,11700.0,1.7094017094017095
6900.0,8575.0,-19.533527696793
20600.0,24600.0,-16.260162601626014
27300.0,29700.0,-8.080808080808081
4000.0,5875.0,-31.914893617021278
11600.0,11800.0,-1.694915254237288
17200.0,18700.0,-8.02139037433155
13500.0,12950.0,4.247104247104247
30500.0,34000.0,-10.294117647058822
10900.0,8800.0,23.863636363636363
14100.0,14050.0,0.3558718861209964
20000.0,17150.0,16.61807580174927
15800.0,14750.0,7.118644067796611
1100.0,3175.0,-65.35433070866141
15600.0,15550.0,0.3215434083601286
700.0,2000.0,-65.0
1500.0,3575.0,-58.04195804195804
17100.0,17700.0,-3.389830508474576
3400.0,3700.0,-8.108108108108109
15500.0,16300.0,-4.9079754601226995
13000.0,13400.0,-2.9850746268656714
6500.0,7500.0,-13.333333333333334
20600.0,23900.0,-13.807531380753138
27700.0,30400.0,-8.881578947368421
11900.0,11900.0,0.0
11200.0,10750.0,4.186046511627907
14000.0,12350.0,13.360323886639677
16100.0,16700.0,-3.592814371257485
21750.0,20500.0,6.097560975609756
20600.0,19650.0,4.8346055979643765
12700.0,12500.0,1.6
17000.0,17050.0,-0.2932551319648094
21000.0,21800.0,-3.669724770642202
2300.0,2250.0,2.2222222222222223
3600.0,2875.0,25.217391304347824
13500.0,12800.0,5.46875
600.0,925.0,-35.13513513513514
13100.0,13550.0,-3.3210332103321036
10400.0,10300.0,0.9708737864077669
8100.0,8400.0,-3.571428571428571
15200.0,14700.0,3.4013605442176873
19000.0,19450.0,-2.313624678663239
18000.0,17600.0,2.272727272727273
3300.0,2600.0,26.923076923076923
21800.0,21000.0,3.8095238095238098
20500.0,17750.0,15.492957746478872
17500.0,15500.0,12.903225806451612
23900.0,22500.0,6.222222222222222
17200.0,15200.0,13.157894736842104
13800.0,12400.0,11.29032258064516
3000.0,3050.0,-1.639344262295082
22000.0,22200.0,-0.9009009009009009
14400.0,16050.0,-10.2803738317757
19000.0,17800.0,6.741573033707865
12500.0,11650.0,7.296137339055794
8400.0,8050.0,4.3478260869565215
10200.0,12350.0,-17.408906882591094
15200.0,18100.0,-16.022099447513813
1200.0,125.0,860.0
9000.0,9400.0,-4.25531914893617
44300.0,44300.0,0.0
17100.0,16000.0,6.875000000000001
16000.0,22400.0,-28.57142857142857
23500.0,24900.0,-5.622489959839357
6800.0,8325.0,-18.31831831831832
8300.0,8650.0,-4.046242774566474
9500.0,12000.0,-20.833333333333336
18800.0,20100.0,-6.467661691542288
13600.0,13650.0,-0.3663003663003663
12000.0,11700.0,2.564102564102564
3600.0,4200.0,-14.285714285714285
2600.0,3950.0,-34.177215189873415
12800.0,14200.0,-9.859154929577464
13200.0,11300.0,16.8141592920354
23900.0,18650.0,28.150134048257375
10200.0,9450.0,7.936507936507936
7500.0,8825.0,-15.01416430594901
43900.0,43500.0,0.9195402298850575
4600.0,3650.0,26.027397260273972
13800.0,13350.0,3.3707865168539324
2500.0,3700.0,-32.432432432432435
5300.0,4600.0,15.217391304347828
31900.0,33000.0,-3.3333333333333335
31200.0,31700.0,-1.5772870662460567
16100.0,17650.0,-8.78186968838527
12000.0,11150.0,7.623318385650224
23000.0,23100.0,-0.4329004329004329
4300.0,4275.0,0.5847953216374269
5200.0,3725.0,39.59731543624161
8500.0,7450.0,14.093959731543624
8200.0,8775.0,-6.552706552706552
17600.0,17000.0,3.5294117647058822
14700.0,12750.0,15.294117647058824
18500.0,20200.0,-8.415841584158416
10800.0,12050.0,-10.37344398340249
30100.0,31500.0,-4.444444444444445
1750.0,1425.0,22.807017543859647
10200.0,11300.0,-9.734513274336283
10100.0,11950.0,-15.481171548117153
15250.0,14050.0,8.540925266903916
9400.0,6200.0,51.61290322580645
17300.0,16500.0,4.848484848484849
8600.0,9350.0,-8.02139037433155
13000.0,10950.0,18.72146118721461
6300.0,6400.0,-1.5625
25000.0,24600.0,1.6260162601626018
10500.0,9575.0,9.660574412532636
2000.0,1275.0,56.86274509803921
23750.0,22200.0,6.981981981981981
21700.0,21900.0,-0.91324200913242
28000.0,29600.0,-5.405405405405405
13100.0,14300.0,-8.391608391608392
12400.0,13500.0,-8.148148148148149
4700.0,4175.0,12.574850299401197
8100.0,10650.0,-23.943661971830984
11000.0,11050.0,-0.4524886877828055
21200.0,22500.0,-5.777777777777778
47500.0,48500.0,-2.0618556701030926
9000.0,10650.0,-15.492957746478872
27800.0,27700.0,0.36101083032490977
14400.0,13250.0,8.679245283018867
1400.0,850.0,64.70588235294117
7900.0,11250.0,-29.777777777777775
36200.0,34900.0,3.7249283667621778
4500.0,4900.0,-8.16326530612245
13900.0,14050.0,-1.0676156583629894
30100.0,26500.0,13.584905660377359
1600.0,2850.0,-43.859649122807014
6200.0,5125.0,20.975609756097562
8700.0,9775.0,-10.997442455242968
24200.0,25100.0,-3.5856573705179287
15100.0,16600.0,-9.036144578313253
21800.0,21600.0,0.9259259259259258
1700.0,2800.0,-39.285714285714285
37500.0,38500.0,-2.5974025974025974
21250.0,22200.0,-4.2792792792792795
23900.0,24800.0,-3.6290322580645165
24000.0,25700.0,-6.614785992217899
21200.0,16900.0,25.443786982248522
900.0,1725.0,-47.82608695652174
13100.0,10850.0,20.737327188940093
2300.0,3075.0,-25.203252032520325
15500.0,14250.0,8.771929824561402
21000.0,31500.0,-33.33333333333333
22000.0,22300.0,-1.345291479820628
2600.0,4400.0,-40.909090909090914
14100.0,15650.0,-9.904153354632587
12100.0,11750.0,2.9787234042553195
13100.0,15100.0,-13.245033112582782
13700.0,13750.0,-0.36363636363636365
30500.0,29200.0,4.4520547945205475
3100.0,9025.0,-65.65096952908587
9400.0,11350.0,-17.180616740088105
13400.0,13150.0,1.9011406844106464
15600.0,14400.0,8.333333333333332
14400.0,15200.0,-5.263157894736842
37500.0,39400.0,-4.822335025380711
13500.0,12700.0,6.299212598425196
2700.0,2525.0,6.9306930693069315
12700.0,13900.0,-8.633093525179856
3100.0,2325.0,33.33333333333333
14600.0,14850.0,-1.6835016835016834
13600.0,13550.0,0.36900369003690037
17400.0,17250.0,0.8695652173913043
11900.0,12950.0,-8.108108108108109
9300.0,10050.0,-7.462686567164178
13300.0,12900.0,3.10077519379845
23400.0,24300.0,-3.7037037037037033
4300.0,9625.0,-55.32467532467532
16400.0,15500.0,5.806451612903226
9300.0,8575.0,8.454810495626822
15900.0,14900.0,6.7114093959731544
13700.0,13100.0,4.580152671755725
15300.0,16350.0,-6.422018348623854
15100.0,14700.0,2.7210884353741496
20000.0,20900.0,-4.30622009569378
13000.0,12400.0,4.838709677419355
9600.0,9550.0,0.5235602094240838
14000.0,13800.0,1.4492753623188406
15400.0,15200.0,1.3157894736842104
7700.0,6325.0,21.73913043478261
27500.0,27100.0,1.4760147601476015
25300.0,25400.0,-0.39370078740157477
8900.0,8600.0,3.488372093023256
8600.0,8975.0,-4.178272980501393
15300.0,16450.0,-6.990881458966565
38000.0,38400.0,-1.0416666666666665
13400.0,10850.0,23.502304147465438
7900.0,7900.0,0.0
19900.0,18000.0,10.555555555555555
11500.0,11400.0,0.8771929824561403
3900.0,6850.0,-43.06569343065693
10200.0,9775.0,4.3478260869565215
20600.0,21500.0,-4.186046511627907
5700.0,6950.0,-17.985611510791365
27300.0,29200.0,-6.506849315068493
39250.0,39100.0,0.3836317135549872
4000.0,5950.0,-32.773109243697476
15400.0,14100.0,9.219858156028367
15000.0,13550.0,10.70110701107011
38200.0,38600.0,-1.0362694300518136
18900.0,17850.0,5.88235294117647
12100.0,12450.0,-2.8112449799196786
7100.0,6375.0,11.372549019607844
14100.0,19550.0,-27.877237851662407
5400.0,4600.0,17.391304347826086
15100.0,15250.0,-0.9836065573770493
18500.0,18750.0,-1.3333333333333335
27900.0,28900.0,-3.4602076124567476
11500.0,11550.0,-0.4329004329004329
7300.0,5625.0,29.777777777777775
25000.0,25400.0,-1.574803149606299
27700.0,27400.0,1.094890510948905
8900.0,10900.0,-18.34862385321101
9500.0,8700.0,9.195402298850574
9600.0,15800.0,-39.24050632911392
8700.0,8600.0,1.1627906976744187
27000.0,28500.0,-5.263157894736842
7200.0,8725.0,-17.478510028653297
12200.0,11250.0,8.444444444444445
1100.0,3475.0,-68.34532374100719
16500.0,13700.0,20.437956204379564
7800.0,8150.0,-4.294478527607362
8000.0,10050.0,-20.398009950248756
13700.0,14550.0,-5.841924398625429
15500.0,16650.0,-6.906906906906906
10100.0,10950.0,-7.76255707762557
2600.0,2100.0,23.809523809523807
10000.0,8375.0,19.402985074626866
12700.0,13600.0,-6.61764705882353
5500.0,5575.0,-1.345291479820628
7100.0,8575.0,-17.20116618075802
18000.0,17500.0,2.857142857142857
11100.0,11400.0,-2.631578947368421
5700.0,4475.0,27.37430167597765
2300.0,3125.0,-26.400000000000002
8001.0,9375.0,-14.655999999999999
12600.0,12850.0,-1.9455252918287937
12200.0,12800.0,-4.6875
8100.0,8250.0,-1.8181818181818181
15800.0,15500.0,1.935483870967742
24100.0,24500.0,-1.6326530612244898
5000.0,6500.0,-23.076923076923077
21600.0,18350.0,17.71117166212534
15000.0,19850.0,-24.43324937027708
16600.0,15750.0,5.396825396825397
10100.0,9925.0,1.7632241813602016
3700.0,3650.0,1.36986301369863
13200.0,12600.0,4.761904761904762
39750.0,39400.0,0.8883248730964468
18500.0,19300.0,-4.145077720207254
14400.0,14600.0,-1.36986301369863
1800.0,3775.0,-52.317880794701985
15200.0,13000.0,16.923076923076923
25500.0,24600.0,3.6585365853658534
17000.0,15650.0,8.626198083067091
12750.0,12700.0,0.39370078740157477
16400.0,18000.0,-8.88888888888889
8700.0,9700.0,-10.309278350515463
1300.0,2675.0,-51.4018691588785
10000.0,9925.0,0.7556675062972292
1400.0,1675.0,-16.417910447761194
12400.0,12600.0,-1.5873015873015872
13500.0,12650.0,6.719367588932807
10200.0,10300.0,-0.9708737864077669
16500.0,16050.0,2.803738317757009
14600.0,15050.0,-2.990033222591362
10500.0,10850.0,-3.225806451612903
8500.0,8450.0,0.591715976331361
21000.0,19200.0,9.375
13000.0,11600.0,12.068965517241379
1400.0,2350.0,-40.42553191489361
11200.0,13050.0,-14.17624521072797
9300.0,8925.0,4.201680672268908
12000.0,13050.0,-8.045977011494253
4000.0,4050.0,-1.2345679012345678
10300.0,11800.0,-12.711864406779661
10200.0,9600.0,6.25
15525.0,17150.0,-9.475218658892128
11500.0,11750.0,-2.127659574468085
5100.0,4650.0,9.67741935483871
22900.0,23300.0,-1.7167381974248928
24600.0,23000.0,6.956521739130435
26250.0,27400.0,-4.197080291970803
28100.0,28400.0,-1.056338028169014
24000.0,24200.0,-0.8264462809917356
13500.0,12000.0,12.5
3300.0,4300.0,-23.25581395348837
1500.0,1475.0,1.694915254237288
22500.0,22800.0,-1.3157894736842104
6100.0,6925.0,-11.913357400722022
1800.0,2125.0,-15.294117647058824
13700.0,13950.0,-1.7921146953405016
58500.0,63000.0,-7.142857142857142
27500.0,25200.0,9.126984126984127
27000.0,26800.0,0.7462686567164178
27500.0,26600.0,3.3834586466165413
9600.0,11150.0,-13.901345291479823
20000.0,21400.0,-6.5420560747663545
11200.0,12300.0,-8.94308943089431
13900.0,12100.0,14.87603305785124
18000.0,16300.0,10.429447852760736
3300.0,3900.0,-15.384615384615385
14700.0,15050.0,-2.3255813953488373
14300.0,14750.0,-3.050847457627119
21300.0,21200.0,0.4716981132075472
8000.0,6900.0,15.942028985507244
20000.0,19950.0,0.2506265664160401
6800.0,8800.0,-22.727272727272727
13750.0,13650.0,0.7326007326007326
11000.0,12850.0,-14.396887159533073
34500.0,34400.0,0.29069767441860467
2900.0,3575.0,-18.88111888111888
750.0,350.0,114.28571428571428
12800.0,12750.0,0.39215686274509803
9400.0,9275.0,1.3477088948787064
11300.0,11100.0,1.8018018018018018
12700.0,12800.0,-0.78125
14200.0,10600.0,33.9622641509434
13800.0,14150.0,-2.4734982332155475
7000.0,6950.0,0.7194244604316548
8500.0,8025.0,5.919003115264798
12500.0,12250.0,2.0408163265306123
9250.0,6275.0,47.410358565737056
8400.0,7425.0,13.131313131313133
25700.0,25400.0,1.1811023622047243
10500.0,9650.0,8.808290155440414
21000.0,21500.0,-2.3255813953488373
46000.0,45500.0,1.098901098901099
8200.0,8600.0,-4.651162790697675
6000.0,5625.0,6.666666666666667
14800.0,12250.0,20.816326530612244
24100.0,24700.0,-2.42914979757085
17600.0,19150.0,-8.093994778067886
3550.0,3050.0,16.39344262295082
17400.0,17800.0,-2.247191011235955
18500.0,22200.0,-16.666666666666664
5200.0,6025.0,-13.692946058091287
24200.0,24700.0,-2.0242914979757085
14000.0,13050.0,7.2796934865900385
30900.0,30900.0,0.0
18300.0,16400.0,11.585365853658537
8100.0,8025.0,0.9345794392523363
9000.0,7725.0,16.50485436893204
8000.0,9875.0,-18.9873417721519
10300.0,11250.0,-8.444444444444445
4100.0,4800.0,-14.583333333333334
28200.0,20000.0,41.0
13000.0,12300.0,5.691056910569105
5200.0,4275.0,21.637426900584796
5800.0,5575.0,4.0358744394618835
16800.0,17200.0,-2.3255813953488373
22900.0,23100.0,-0.8658008658008658
14300.0,12500.0,14.399999999999999
18800.0,18850.0,-0.2652519893899204
16800.0,15900.0,5.660377358490567
20700.0,20800.0,-0.4807692307692308
56000.0,44600.0,25.56053811659193
8500.0,8025.0,5.919003115264798
6500.0,5575.0,16.591928251121075
10900.0,11050.0,-1.3574660633484164
7000.0,8550.0,-18.128654970760234
1300.0,1500.0,-13.333333333333334
24500.0,21900.0,11.87214611872146
10300.0,11200.0,-8.035714285714286
36750.0,35200.0,4.403409090909091
12800.0,12950.0,-1.1583011583011582
9900.0,9200.0,7.608695652173914
5600.0,5875.0,-4.680851063829787
13300.0,13400.0,-0.7462686567164178
17300.0,16600.0,4.216867469879518
2700.0,1950.0,38.46153846153847
12000.0,13550.0,-11.439114391143912
25750.0,23900.0,7.740585774058577
12700.0,13550.0,-6.273062730627306
4100.0,5050.0,-18.81188118811881
8700.0,7775.0,11.89710610932476
6700.0,7225.0,-7.26643598615917
8901.0,8450.0,5.337278106508876
18300.0,18300.0,0.0
17300.0,17250.0,0.2898550724637681
1500.0,2325.0,-35.483870967741936
18000.0,19500.0,-7.6923076923076925
6400.0,6850.0,-6.569343065693431
12200.0,15200.0,-19.736842105263158
23800.0,22600.0,5.3097345132743365
15100.0,14300.0,5.594405594405594
22200.0,23000.0,-3.4782608695652173
12000.0,11900.0,0.8403361344537815
10100.0,9850.0,2.5380710659898478
19400.0,18900.0,2.6455026455026456
5400.0,4900.0,10.204081632653061
15000.0,15100.0,-0.6622516556291391
11900.0,19300.0,-38.34196891191709
750.0,1275.0,-41.17647058823529
11300.0,11750.0,-3.829787234042553
7700.0,6900.0,11.594202898550725
41500.0,39100.0,6.138107416879795
34500.0,35300.0,-2.26628895184136
4600.0,5575.0,-17.48878923766816
30000.0,33500.0,-10.44776119402985
18600.0,18100.0,2.7624309392265194
28250.0,27200.0,3.860294117647059
2500.0,3075.0,-18.69918699186992
19500.0,20200.0,-3.4653465346534658
15500.0,19000.0,-18.421052631578945
10300.0,9750.0,5.641025641025641
4900.0,6300.0,-22.22222222222222
12300.0,11250.0,9.333333333333334
19900.0,18000.0,10.555555555555555
11200.0,10850.0,3.225806451612903
11800.0,11950.0,-1.2552301255230125
25250.0,28200.0,-10.460992907801419
9200.0,8750.0,5.142857142857142
3200.0,2925.0,9.401709401709402
10200.0,10050.0,1.4925373134328357
25750.0,25800.0,-0.1937984496124031
3300.0,3550.0,-7.042253521126761
25900.0,25500.0,1.5686274509803921
3700.0,5700.0,-35.08771929824561
23300.0,24600.0,-5.284552845528456
16500.0,16950.0,-2.6548672566371683
19750.0,21600.0,-8.564814814814815
11600.0,12550.0,-7.569721115537849
13400.0,12950.0,3.474903474903475
7400.0,8675.0,-14.697406340057636
15000.0,11900.0,26.05042016806723
19000.0,19000.0,0.0
1400.0,1850.0,-24.324324324324326
8600.0,11200.0,-23.214285714285715
17800.0,16400.0,8.536585365853659
24800.0,23200.0,6.896551724137931
13800.0,16600.0,-16.867469879518072
12400.0,12650.0,-1.9762845849802373
3500.0,2875.0,21.73913043478261
27100.0,29100.0,-6.872852233676976
13000.0,12800.0,1.5625
8900.0,8150.0,9.202453987730062
21000.0,21500.0,-2.3255813953488373
13700.0,13100.0,4.580152671755725
28700.0,26000.0,10.384615384615385
14100.0,14300.0,-1.3986013986013985
7700.0,7250.0,6.206896551724138
14000.0,14000.0,0.0
12900.0,12500.0,3.2
26400.0,25600.0,3.125
11400.0,10250.0,11.219512195121952
5700.0,4550.0,25.274725274725274
13200.0,13300.0,-0.7518796992481203
20800.0,19350.0,7.493540051679587
32200.0,28500.0,12.982456140350877
38000.0,34900.0,8.882521489971348
12900.0,13900.0,-7.194244604316546
18900.0,17900.0,5.58659217877095
13300.0,12000.0,10.833333333333334
12800.0,12050.0,6.224066390041494
24000.0,22000.0,9.090909090909092
3600.0,4550.0,-20.87912087912088
4500.0,4475.0,0.5586592178770949
19500.0,19700.0,-1.015228426395939
7900.0,9275.0,-14.824797843665769
5700.0,5175.0,10.144927536231885
13750.0,14250.0,-3.508771929824561
18400.0,19550.0,-5.88235294117647
11500.0,11050.0,4.072398190045249
35200.0,35200.0,0.0
3600.0,3500.0,2.857142857142857
23500.0,22600.0,3.982300884955752
21250.0,23300.0,-8.798283261802576
15400.0,16800.0,-8.333333333333332
31250.0,32200.0,-2.950310559006211
11400.0,11250.0,1.3333333333333335
14300.0,12700.0,12.598425196850393
2200.0,2825.0,-22.123893805309734
11900.0,12750.0,-6.666666666666667
16000.0,14500.0,10.344827586206897
23400.0,22100.0,5.88235294117647
15500.0,15850.0,-2.2082018927444795
17700.0,17750.0,-0.28169014084507044
8300.0,8225.0,0.911854103343465
15200.0,16800.0,-9.523809523809524
22000.0,22300.0,-1.345291479820628
4800.0,5225.0,-8.133971291866029
20500.0,20500.0,0.0
1650.0,1925.0,-14.285714285714285
8600.0,7950.0,8.176100628930817
10100.0,10050.0,0.4975124378109453
14800.0,13000.0,13.846153846153847
23750.0,21700.0,9.44700460829493
2700.0,3825.0,-29.411764705882355
11800.0,12800.0,-7.8125
23600.0,23100.0,2.1645021645021645
1300.0,2350.0,-44.680851063829785
13000.0,11650.0,11.587982832618025
52000.0,43800.0,18.72146118721461
12600.0,11550.0,9.090909090909092
11800.0,10750.0,9.767441860465116
2400.0,2700.0,-11.11111111111111
13900.0,12650.0,9.881422924901186
12500.0,11300.0,10.619469026548673
3500.0,3350.0,4.477611940298507
23800.0,27400.0,-13.138686131386862
6500.0,6150.0,5.691056910569105
14800.0,15200.0,-2.631578947368421
7750.0,7475.0,3.678929765886288
24900.0,24000.0,3.75
12100.0,11800.0,2.5423728813559325
800.0,375.0,113.33333333333333
15500.0,14800.0,4.72972972972973
10800.0,10100.0,6.9306930693069315
15000.0,15700.0,-4.45859872611465
16000.0,17200.0,-6.976744186046512
13100.0,10800.0,21.296296296296298
29800.0,31100.0,-4.180064308681672
21100.0,19850.0,6.297229219143577
17500.0,16150.0,8.359133126934983
14300.0,14600.0,-2.054794520547945
16400.0,15700.0,4.45859872611465
12100.0,12100.0,0.0
29300.0,30600.0,-4.248366013071895
19500.0,18100.0,7.734806629834254
9900.0,10500.0,-5.714285714285714
23550.0,23200.0,1.5086206896551724
18800.0,17600.0,6.8181818181818175
8250.0,8250.0,0.0
8300.0,7775.0,6.752411575562702
37300.0,36400.0,2.4725274725274726
4100.0,5100.0,-19.607843137254903
3000.0,4050.0,-25.925925925925924
14500.0,15750.0,-7.936507936507936
21400.0,22800.0,-6.140350877192982
22800.0,24500.0,-6.938775510204081
21900.0,21300.0,2.8169014084507045
18900.0,19000.0,-0.5263157894736842
10000.0,9325.0,7.238605898123325
11500.0,14200.0,-19.014084507042252
13900.0,14050.0,-1.0676156583629894
4000.0,6500.0,-38.46153846153847
14600.0,15600.0,-6.41025641025641
8400.0,9850.0,-14.720812182741117
8000.0,6975.0,14.695340501792115
17400.0,17750.0,-1.971830985915493
3500.0,4675.0,-25.13368983957219
3500.0,3800.0,-7.894736842105263
41500.0,39800.0,4.271356783919598
10000.0,10400.0,-3.8461538461538463
7800.0,7800.0,0.0
13900.0,13800.0,0.7246376811594203
17500.0,17000.0,2.941176470588235
10200.0,11800.0,-13.559322033898304
34000.0,34800.0,-2.2988505747126435
900.0,2050.0,-56.09756097560976
12700.0,11250.0,12.88888888888889
13000.0,12500.0,4.0
26800.0,24500.0,9.387755102040817
8200.0,10450.0,-21.5311004784689
13200.0,12400.0,6.451612903225806
14300.0,14550.0,-1.718213058419244
12900.0,13500.0,-4.444444444444445
9000.0,8475.0,6.1946902654867255
16400.0,15050.0,8.970099667774086
9400.0,10250.0,-8.292682926829269
34750.0,34700.0,0.1440922190201729
9500.0,10350.0,-8.212560386473431
11200.0,11200.0,0.0
14200.0,16750.0,-15.223880597014924
7600.0,7625.0,-0.32786885245901637
13500.0,15350.0,-12.052117263843648
5400.0,5975.0,-9.623430962343097
11200.0,10350.0,8.212560386473431
18400.0,18800.0,-2.127659574468085
1150.0,1600.0,-28.125
1700.0,2575.0,-33.980582524271846
9100.0,11000.0,-17.272727272727273
10700.0,10900.0,-1.834862385321101
13000.0,14200.0,-8.450704225352112
13400.0,13250.0,1.1320754716981132
7600.0,9175.0,-17.166212534059948
7600.0,8650.0,-12.138728323699421
7000.0,7075.0,-1.0600706713780919
12900.0,13500.0,-4.444444444444445
4000.0,6175.0,-35.22267206477733
12900.0,12400.0,4.032258064516129
7500.0,7850.0,-4.45859872611465
32750.0,34100.0,-3.9589442815249267
42300.0,42600.0,-0.7042253521126761
45400.0,45700.0,-0.6564551422319475
10100.0,10550.0,-4.265402843601896
16100.0,15000.0,7.333333333333333
23500.0,20600.0,14.077669902912621
6600.0,8000.0,-17.5
45000.0,48700.0,-7.597535934291582
6200.0,5425.0,14.285714285714285
7600.0,8825.0,-13.881019830028329
9200.0,7125.0,29.122807017543863
9400.0,10550.0,-10.90047393364929
8500.0,7700.0,10.38961038961039
6000.0,7575.0,-20.792079207920793
12300.0,12450.0,-1.2048192771084338
9250.0,16750.0,-44.776119402985074
13600.0,8175.0,66.36085626911316
20700.0,21000.0,-1.4285714285714286
32500.0,33200.0,-2.108433734939759
20900.0,20300.0,2.955665024630542
36750.0,34700.0,5.9077809798270895
22400.0,22200.0,0.9009009009009009
19200.0,19250.0,-0.2597402597402597
22800.0,22700.0,0.4405286343612335
4900.0,4450.0,10.112359550561797
13500.0,13400.0,0.7462686567164178
27300.0,27800.0,-1.7985611510791366
23200.0,22700.0,2.2026431718061676
15000.0,14150.0,6.007067137809187
6600.0,5100.0,29.411764705882355
24000.0,24300.0,-1.2345679012345678
8500.0,7725.0,10.032362459546926
5500.0,3825.0,43.790849673202615
10900.0,10350.0,5.314009661835748
8800.0,9675.0,-9.043927648578812
5700.0,5500.0,3.6363636363636362
37400.0,36500.0,2.4657534246575343
20900.0,21700.0,-3.686635944700461
10600.0,9125.0,16.164383561643834
23800.0,19800.0,20.2020202020202
20400.0,21100.0,-3.3175355450236967
6600.0,4250.0,55.294117647058826
10000.0,11250.0,-11.11111111111111
14300.0,13500.0,5.9259259259259265
21400.0,22400.0,-4.464285714285714
12000.0,11250.0,6.666666666666667
17300.0,17200.0,0.5813953488372093
15300.0,15600.0,-1.9230769230769231
14200.0,14550.0,-2.405498281786942
23250.0,22300.0,4.260089686098654
2100.0,2525.0,-16.831683168316832
30000.0,33600.0,-10.714285714285714
12000.0,10900.0,10.091743119266056
11400.0,10550.0,8.056872037914692
21700.0,19800.0,9.595959595959595
16500.0,14150.0,16.607773851590103
6200.0,5325.0,16.431924882629108
2200.0,1125.0,95.55555555555556
4200.0,3825.0,9.803921568627452
10800.0,11200.0,-3.571428571428571
6300.0,6075.0,3.7037037037037033
13800.0,13550.0,1.8450184501845017
21500.0,20700.0,3.864734299516908
11200.0,11850.0,-5.485232067510549
33000.0,33200.0,-0.6024096385542169
64100.0,63000.0,1.746031746031746
32250.0,34000.0,-5.147058823529411
28250.0,26200.0,7.8244274809160315
7100.0,6500.0,9.230769230769232
1700.0,2575.0,-33.980582524271846
29300.0,29200.0,0.3424657534246575
18900.0,20400.0,-7.352941176470589
20200.0,20000.0,1.0
23000.0,23200.0,-0.8620689655172413
10200.0,10500.0,-2.857142857142857
17800.0,17500.0,1.7142857142857144
26000.0,26100.0,-0.38314176245210724
12500.0,13250.0,-5.660377358490567
1175.0,1875.0,-37.333333333333336
800.0,550.0,45.45454545454545
11000.0,9150.0,20.21857923497268
7800.0,8575.0,-9.037900874635568
8100.0,7425.0,9.090909090909092
6100.0,9300.0,-34.40860215053764
13300.0,12700.0,4.724409448818897
15300.0,15500.0,-1.2903225806451613
42000.0,40300.0,4.218362282878412
12400.0,11600.0,6.896551724137931
12800.0,12700.0,0.7874015748031495
9000.0,8225.0,9.422492401215806
4800.0,4250.0,12.941176470588237
8900.0,8450.0,5.325443786982249
17250.0,17850.0,-3.361344537815126
11400.0,9400.0,21.27659574468085
3500.0,3600.0,-2.7777777777777777
9800.0,9150.0,7.103825136612022
2600.0,2125.0,22.35294117647059
22000.0,23100.0,-4.761904761904762
13300.0,13400.0,-0.7462686567164178
8600.0,7500.0,14.666666666666666
19800.0,17850.0,10.92436974789916
10800.0,10950.0,-1.36986301369863
1500.0,2175.0,-31.03448275862069
30000.0,30600.0,-1.9607843137254901
12900.0,12300.0,4.878048780487805
3000.0,4275.0,-29.82456140350877
15100.0,15700.0,-3.821656050955414
21000.0,17900.0,17.318435754189945
31500.0,26300.0,19.771863117870723
14800.0,15000.0,-1.3333333333333335
22400.0,22200.0,0.9009009009009009
60400.0,60000.0,0.6666666666666667
4000.0,5950.0,-32.773109243697476
13400.0,12950.0,3.474903474903475
6800.0,5975.0,13.807531380753138
3800.0,3800.0,0.0
18800.0,17300.0,8.670520231213873
3200.0,3025.0,5.785123966942149
9800.0,8700.0,12.643678160919542
11300.0,11650.0,-3.004291845493562
6100.0,6350.0,-3.937007874015748
21250.0,16700.0,27.245508982035926
32750.0,31000.0,5.64516129032258
12400.0,12050.0,2.904564315352697
17200.0,15700.0,9.554140127388536
4400.0,4725.0,-6.878306878306878
19100.0,18850.0,1.3262599469496021
11500.0,13100.0,-12.213740458015266
4800.0,5950.0,-19.327731092436977
6500.0,8775.0,-25.925925925925924
9800.0,10850.0,-9.67741935483871
9700.0,9900.0,-2.0202020202020203
6300.0,9800.0,-35.714285714285715
4900.0,2275.0,115.38461538461537
27600.0,27500.0,0.36363636363636365
16750.0,15700.0,6.687898089171974
23900.0,23500.0,1.702127659574468
12800.0,14400.0,-11.11111111111111
18000.0,18800.0,-4.25531914893617
18500.0,20100.0,-7.960199004975125
4400.0,3875.0,13.548387096774196
5800.0,5325.0,8.92018779342723
1600.0,1650.0,-3.0303030303030303
24700.0,23200.0,6.4655172413793105
9500.0,9900.0,-4.040404040404041
6600.0,5850.0,12.82051282051282
5500.0,7025.0,-21.70818505338078
25500.0,27900.0,-8.60215053763441
10900.0,11500.0,-5.217391304347826
800.0,2600.0,-69.23076923076923
4100.0,5375.0,-23.72093023255814
14500.0,14150.0,2.4734982332155475
38700.0,38500.0,0.5194805194805194
11800.0,13400.0,-11.940298507462686
17200.0,18850.0,-8.753315649867375
10900.0,11000.0,-0.9090909090909091
2550.0,4850.0,-47.42268041237113
12000.0,11700.0,2.564102564102564
4400.0,6975.0,-36.91756272401434
9000.0,10200.0,-11.76470588235294
7800.0,7400.0,5.405405405405405
2700.0,2800.0,-3.571428571428571
10400.0,9350.0,11.229946524064172
13000.0,11550.0,12.554112554112553
36100.0,35600.0,1.4044943820224718
15700.0,14800.0,6.081081081081082
9100.0,9050.0,0.5524861878453038
2100.0,3350.0,-37.3134328358209
12300.0,13600.0,-9.558823529411764
14500.0,14550.0,-0.3436426116838488
23400.0,24000.0,-2.5
5100.0,8725.0,-41.54727793696275
4000.0,4200.0,-4.761904761904762
1700.0,1575.0,7.936507936507936
8000.0,11250.0,-28.888888888888886
22800.0,23400.0,-2.564102564102564
12000.0,14900.0,-19.463087248322147
11900.0,12900.0,-7.751937984496124
10600.0,11750.0,-9.787234042553191
8400.0,6425.0,30.739299610894943
3000.0,4300.0,-30.23255813953488
13200.0,13300.0,-0.7518796992481203
12000.0,13900.0,-13.66906474820144
1400.0,2000.0,-30.0
62400.0,57700.0,8.145580589254767
5200.0,5625.0,-7.555555555555555
4900.0,4625.0,5.9459459459459465
22500.0,18600.0,20.967741935483872
19000.0,18050.0,5.263157894736842
15600.0,15800.0,-1.2658227848101267
11000.0,11300.0,-2.6548672566371683
9100.0,9600.0,-5.208333333333334
6400.0,6200.0,3.225806451612903
8200.0,8625.0,-4.9275362318840585
9000.0,8025.0,12.149532710280374
17400.0,17650.0,-1.41643059490085
6200.0,7475.0,-17.05685618729097
9400.0,9850.0,-4.568527918781726
28800.0,28800.0,0.0
8000.0,9650.0,-17.098445595854923
1300.0,1400.0,-7.142857142857142
14500.0,16700.0,-13.17365269461078
7400.0,7375.0,0.3389830508474576
23400.0,24900.0,-6.024096385542169
41700.0,39300.0,6.106870229007633
21900.0,25100.0,-12.749003984063744
11900.0,11550.0,3.0303030303030303
7500.0,7750.0,-3.225806451612903
12800.0,11850.0,8.016877637130802
10700.0,10750.0,-0.46511627906976744
22700.0,19500.0,16.41025641025641
30000.0,29900.0,0.33444816053511706
30200.0,30400.0,-0.6578947368421052
23100.0,24800.0,-6.854838709677419
3600.0,4050.0,-11.11111111111111
10400.0,9200.0,13.043478260869565
22000.0,24900.0,-11.646586345381527
11700.0,11250.0,4.0
10000.0,11550.0,-13.41991341991342
23000.0,23000.0,0.0
13400.0,13700.0,-2.18978102189781
2100.0,5950.0,-64.70588235294117
10900.0,10600.0,2.8301886792452833
3700.0,4475.0,-17.318435754189945
10000.0,8975.0,11.420612813370473
21400.0,24100.0,-11.20331950207469
8800.0,8150.0,7.975460122699387
6475.0,6000.0,7.916666666666666
11400.0,10050.0,13.432835820895523
10300.0,10050.0,2.4875621890547266
9500.0,9550.0,-0.5235602094240838
4600.0,6925.0,-33.57400722021661
14000.0,13900.0,0.7194244604316548
7700.0,10250.0,-24.878048780487806
16500.0,17050.0,-3.225806451612903
18000.0,20600.0,-12.62135922330097
14500.0,12150.0,19.34156378600823
14500.0,15050.0,-3.6544850498338874
18200.0,16350.0,11.314984709480122
6300.0,7725.0,-18.446601941747574
14600.0,15650.0,-6.7092651757188495
23500.0,22500.0,4.444444444444445
11900.0,11900.0,0.0
7200.0,6525.0,10.344827586206897
11700.0,11800.0,-0.847457627118644
1375.0,925.0,48.64864864864865
950.0,1025.0,-7.317073170731707
7700.0,7800.0,-1.282051282051282
9500.0,9700.0,-2.0618556701030926
1600.0,5725.0,-72.0524017467249
7600.0,10250.0,-25.853658536585368
28300.0,28300.0,0.0
11600.0,11700.0,-0.8547008547008548
5200.0,4325.0,20.23121387283237
10400.0,10250.0,1.4634146341463417
15600.0,16400.0,-4.878048780487805
17800.0,18100.0,-1.6574585635359116
13000.0,12650.0,2.766798418972332
13400.0,12500.0,7.199999999999999
17700.0,17550.0,0.8547008547008548
11500.0,12100.0,-4.958677685950414
6500.0,5875.0,10.638297872340425
1300.0,2800.0,-53.57142857142857
6000.0,7075.0,-15.19434628975265
20100.0,19100.0,5.2356020942408374
29700.0,32900.0,-9.72644376899696
23800.0,21400.0,11.214953271028037
4700.0,4825.0,-2.5906735751295336
12300.0,12200.0,0.819672131147541
21200.0,21400.0,-0.9345794392523363
13800.0,10350.0,33.33333333333333
1900.0,3150.0,-39.682539682539684
20000.0,20700.0,-3.3816425120772946
2900.0,3500.0,-17.142857142857142
15750.0,13750.0,14.545454545454545
17200.0,16650.0,3.303303303303303
10200.0,12950.0,-21.235521235521233
32400.0,31200.0,3.8461538461538463
6250.0,5250.0,19.047619047619047
5900.0,6750.0,-12.592592592592592
7700.0,7075.0,8.8339222614841
1100.0,1075.0,2.3255813953488373
2500.0,2950.0,-15.254237288135593
7500.0,7275.0,3.0927835051546393
13100.0,13200.0,-0.7575757575757576
6000.0,5925.0,1.2658227848101267
12500.0,13650.0,-8.424908424908425
13700.0,14500.0,-5.517241379310345
600.0,1925.0,-68.83116883116884
23900.0,12450.0,91.96787148594377
21000.0,20500.0,2.4390243902439024
6000.0,6650.0,-9.774436090225564
5600.0,5350.0,4.672897196261682
12500.0,12100.0,3.3057851239669422
5300.0,5750.0,-7.82608695652174
4500.0,6725.0,-33.08550185873606
6300.0,5825.0,8.15450643776824
20400.0,20500.0,-0.4878048780487805
2700.0,2900.0,-6.896551724137931
9000.0,10000.0,-10.0
11700.0,15700.0,-25.477707006369428
2500.0,2450.0,2.0408163265306123
36800.0,34100.0,7.9178885630498534
23750.0,21000.0,13.095238095238097
52000.0,52600.0,-1.1406844106463878
19600.0,19500.0,0.5128205128205128
21200.0,22800.0,-7.017543859649122
5100.0,10300.0,-50.48543689320388
7200.0,7525.0,-4.318936877076411
20900.0,19750.0,5.822784810126582
11000.0,10650.0,3.286384976525822
4800.0,4650.0,3.225806451612903
10600.0,10000.0,6.0
3200.0,3650.0,-12.32876712328767
15000.0,15100.0,-0.6622516556291391
9900.0,10850.0,-8.755760368663594
15100.0,15700.0,-3.821656050955414
21300.0,20500.0,3.902439024390244
9200.0,9225.0,-0.27100271002710025
16900.0,17650.0,-4.2492917847025495
13900.0,14600.0,-4.794520547945205
15250.0,18300.0,-16.666666666666664
16000.0,13450.0,18.95910780669145
18000.0,16800.0,7.142857142857142
16700.0,16950.0,-1.4749262536873156
850.0,1725.0,-50.72463768115942
54300.0,53200.0,2.0676691729323307
6700.0,8400.0,-20.238095238095237
1400.0,1150.0,21.73913043478261
9000.0,9425.0,-4.509283819628647
17250.0,19300.0,-10.621761658031089
22900.0,22900.0,0.0
16000.0,14550.0,9.965635738831615
24500.0,25900.0,-5.405405405405405
4000.0,3700.0,8.108108108108109
3700.0,5775.0,-35.93073593073593
25000.0,26300.0,-4.942965779467681
11100.0,10950.0,1.36986301369863
10300.0,9475.0,8.70712401055409
2000.0,2500.0,-20.0
14700.0,15150.0,-2.9702970297029703
1000.0,775.0,29.03225806451613
13200.0,13050.0,1.1494252873563218
12200.0,11100.0,9.90990990990991
17600.0,17800.0,-1.1235955056179776
14500.0,13700.0,5.839416058394161
14300.0,15350.0,-6.840390879478828
10100.0,10800.0,-6.481481481481481
12800.0,13600.0,-5.88235294117647
2500.0,2325.0,7.526881720430108
1900.0,1850.0,2.7027027027027026
24000.0,23100.0,3.896103896103896
17400.0,17050.0,2.0527859237536656
10700.0,10650.0,0.4694835680751174
16500.0,16700.0,-1.1976047904191618
9800.0,11650.0,-15.879828326180256
17800.0,14100.0,26.24113475177305
600.0,1375.0,-56.36363636363636
17900.0,17850.0,0.2801120448179272
4100.0,3775.0,8.609271523178808
12900.0,11800.0,9.322033898305085
16300.0,17200.0,-5.232558139534884
25000.0,24800.0,0.8064516129032258
13000.0,14950.0,-13.043478260869565
15600.0,16200.0,-3.7037037037037033
7400.0,8600.0,-13.953488372093023
12300.0,12050.0,2.0746887966804977
7600.0,8225.0,-7.598784194528875
22000.0,20500.0,7.317073170731707
14800.0,18200.0,-18.681318681318682
9400.0,9800.0,-4.081632653061225
18100.0,20100.0,-9.950248756218906
7800.0,8550.0,-8.771929824561402
10300.0,9175.0,12.26158038147139
9000.0,10900.0,-17.431192660550458
13200.0,12600.0,4.761904761904762
12250.0,12100.0,1.2396694214876034
20000.0,21000.0,-4.761904761904762
1500.0,7625.0,-80.32786885245902
18200.0,18600.0,-2.1505376344086025
16500.0,16400.0,0.6097560975609756
6600.0,6725.0,-1.858736059479554
5000.0,6425.0,-22.17898832684825
11000.0,11050.0,-0.4524886877828055
7500.0,9875.0,-24.050632911392405
3300.0,2900.0,13.793103448275861
12000.0,10600.0,13.20754716981132
17200.0,16950.0,1.4749262536873156
5400.0,7375.0,-26.779661016949152
8400.0,8500.0,-1.1764705882352942
30000.0,34200.0,-12.280701754385964
18100.0,18100.0,0.0
22750.0,22600.0,0.6637168141592921
500.0,1200.0,-58.333333333333336
11500.0,10900.0,5.5045871559633035
28300.0,29100.0,-2.7491408934707904
12100.0,13300.0,-9.022556390977442
16400.0,17450.0,-6.017191977077363
18200.0,18200.0,0.0
6900.0,7250.0,-4.827586206896552
4400.0,3675.0,19.727891156462583
4400.0,4425.0,-0.5649717514124294
21000.0,22200.0,-5.405405405405405
15600.0,16200.0,-3.7037037037037033
16100.0,16500.0,-2.4242424242424243
7500.0,6100.0,22.950819672131146
10800.0,11250.0,-4.0
43500.0,45200.0,-3.761061946902655
9000.0,9175.0,-1.9073569482288828
8900.0,8750.0,1.7142857142857144
17100.0,18200.0,-6.043956043956044
4000.0,5225.0,-23.444976076555022
25300.0,25900.0,-2.3166023166023164
24500.0,27700.0,-11.552346570397113
5500.0,5450.0,0.9174311926605505
22800.0,23100.0,-1.2987012987012987
15900.0,14950.0,6.354515050167224
35200.0,34600.0,1.7341040462427744
2000.0,2050.0,-2.4390243902439024
18900.0,19000.0,-0.5263157894736842
26900.0,27300.0,-1.465201465201465
20750.0,21000.0,-1.1904761904761905
43200.0,41900.0,3.1026252983293556
4400.0,5150.0,-14.563106796116504
15000.0,17250.0,-13.043478260869565
12800.0,13300.0,-3.7593984962406015
9000.0,9400.0,-4.25531914893617
12400.0,11550.0,7.35930735930736
16700.0,16400.0,1.8292682926829267
21200.0,20400.0,3.9215686274509802
12000.0,11450.0,4.8034934497816595
1000.0,2925.0,-65.8119658119658
11100.0,11850.0,-6.329113924050633
12500.0,14000.0,-10.714285714285714
30100.0,30500.0,-1.3114754098360655
30500.0,31000.0,-1.6129032258064515
1800.0,1625.0,10.76923076923077
14900.0,14600.0,2.054794520547945
24600.0,24200.0,1.6528925619834711
800.0,850.0,-5.88235294117647
10000.0,9175.0,8.991825613079019
3400.0,3450.0,-1.4492753623188406
1900.0,2300.0,-17.391304347826086
8100.0,8650.0,-6.358381502890173
6100.0,17100.0,-64.32748538011695
13700.0,13500.0,1.4814814814814816
14750.0,13900.0,6.115107913669065
41000.0,42300.0,-3.0732860520094563
30500.0,32000.0,-4.6875
1200.0,900.0,33.33333333333333
20500.0,19400.0,5.670103092783505
6800.0,7775.0,-12.540192926045016
24300.0,24200.0,0.4132231404958678
19600.0,19600.0,0.0
2400.0,2250.0,6.666666666666667
19900.0,19650.0,1.2722646310432568
5500.0,10800.0,-49.074074074074076
12600.0,13850.0,-9.025270758122744
14800.0,14200.0,4.225352112676056
7500.0,7525.0,-0.33222591362126247
3500.0,3025.0,15.702479338842975
26500.0,27700.0,-4.332129963898916
6900.0,7350.0,-6.122448979591836
11800.0,11500.0,2.608695652173913
4550.0,3350.0,35.82089552238806
25000.0,26100.0,-4.21455938697318
2600.0,2300.0,13.043478260869565
17800.0,20200.0,-11.881188118811881
2400.0,2125.0,12.941176470588237
7400.0,9525.0,-22.30971128608924
7000.0,6450.0,8.527131782945736
8600.0,8475.0,1.4749262536873156
14600.0,15200.0,-3.9473684210526314
28800.0,28100.0,2.491103202846975
4700.0,5575.0,-15.695067264573993
19900.0,19750.0,0.7594936708860759
30400.0,30800.0,-1.2987012987012987
16700.0,16750.0,-0.2985074626865672
12900.0,12100.0,6.6115702479338845
28500.0,27400.0,4.014598540145985
12500.0,10500.0,19.047619047619047
28200.0,26200.0,7.633587786259542
21800.0,21300.0,2.3474178403755865
2000.0,3700.0,-45.94594594594595
19300.0,18650.0,3.485254691689008
28250.0,29800.0,-5.201342281879195
13800.0,16850.0,-18.100890207715135
5000.0,4025.0,24.22360248447205
5000.0,5500.0,-9.090909090909092
3000.0,3450.0,-13.043478260869565
6700.0,7900.0,-15.18987341772152
13000.0,13000.0,0.0
600.0,1575.0,-61.904761904761905
20000.0,21200.0,-5.660377358490567
5800.0,4650.0,24.731182795698924
10700.0,9500.0,12.631578947368421
15300.0,13900.0,10.071942446043165
13700.0,13950.0,-1.7921146953405016
14900.0,13950.0,6.810035842293908
2700.0,1800.0,50.0
8400.0,8750.0,-4.0
30500.0,29800.0,2.348993288590604
9700.0,9375.0,3.4666666666666663
12200.0,13450.0,-9.293680297397769
25800.0,26300.0,-1.9011406844106464
2300.0,4100.0,-43.90243902439025
4700.0,5175.0,-9.178743961352657
13600.0,12150.0,11.934156378600823
9000.0,11150.0,-19.282511210762333
12500.0,14550.0,-14.0893470790378
41000.0,42100.0,-2.6128266033254155
13000.0,12250.0,6.122448979591836
15500.0,14700.0,5.442176870748299
2600.0,3200.0,-18.75
4800.0,5725.0,-16.157205240174672
15400.0,15350.0,0.32573289902280134
15300.0,13600.0,12.5
22800.0,22200.0,2.7027027027027026
12800.0,11650.0,9.871244635193133
15500.0,15950.0,-2.8213166144200628
1600.0,2875.0,-44.34782608695652
7500.0,4575.0,63.934426229508205
8500.0,7875.0,7.936507936507936
16000.0,16300.0,-1.8404907975460123
14000.0,13200.0,6.0606060606060606
2500.0,2925.0,-14.529914529914532
10600.0,10700.0,-0.9345794392523363
9100.0,8925.0,1.9607843137254901
13000.0,14050.0,-7.473309608540925
9200.0,8225.0,11.854103343465045
26800.0,25200.0,6.349206349206349
9500.0,9600.0,-1.0416666666666665
26750.0,25900.0,3.2818532818532815
4100.0,6700.0,-38.80597014925373
8500.0,7575.0,12.211221122112212
12000.0,11700.0,2.564102564102564
8000.0,8125.0,-1.5384615384615385
12600.0,13350.0,-5.617977528089887
10700.0,10900.0,-1.834862385321101
12000.0,11250.0,6.666666666666667
15500.0,16650.0,-6.906906906906906
12800.0,11350.0,12.77533039647577
5100.0,4075.0,25.153374233128833
4700.0,6850.0,-31.386861313868614
12000.0,13450.0,-10.780669144981413
10200.0,8925.0,14.285714285714285
20200.0,22100.0,-8.597285067873303
6000.0,7300.0,-17.80821917808219
16200.0,16900.0,-4.142011834319527
21300.0,21700.0,-1.8433179723502304
28100.0,27900.0,0.7168458781362007
10800.0,13900.0,-22.302158273381295
22500.0,23300.0,-3.4334763948497855
5300.0,5750.0,-7.82608695652174
12700.0,11150.0,13.901345291479823
9400.0,7650.0,22.875816993464053
13600.0,14950.0,-9.03010033444816
16300.0,18550.0,-12.129380053908356
7300.0,6250.0,16.8
11000.0,10600.0,3.7735849056603774
18200.0,19050.0,-4.4619422572178475
18800.0,17400.0,8.045977011494253
11500.0,10150.0,13.30049261083744
18300.0,16500.0,10.909090909090908
3000.0,1950.0,53.84615384615385
12700.0,12550.0,1.1952191235059761
8400.0,8975.0,-6.406685236768802
10000.0,10050.0,-0.4975124378109453
14400.0,12150.0,18.51851851851852
8750.0,10700.0,-18.22429906542056
5000.0,6025.0,-17.012448132780083
6700.0,7900.0,-15.18987341772152
20500.0,21100.0,-2.843601895734597
14000.0,14100.0,-0.7092198581560284
9200.0,9825.0,-6.361323155216285
13700.0,13250.0,3.3962264150943398
11900.0,11550.0,3.0303030303030303
13000.0,11500.0,13.043478260869565
15500.0,14800.0,4.72972972972973
19000.0,18050.0,5.263157894736842
13800.0,14250.0,-3.1578947368421053
12900.0,12150.0,6.172839506172839
10100.0,10150.0,-0.49261083743842365
1800.0,1675.0,7.462686567164178
12000.0,12500.0,-4.0
22400.0,20700.0,8.212560386473431
13000.0,6925.0,87.72563176895306
24900.0,24500.0,1.6326530612244898
4000.0,4250.0,-5.88235294117647
13500.0,16200.0,-16.666666666666664
35500.0,35000.0,1.4285714285714286
18400.0,18250.0,0.821917808219178
9000.0,8925.0,0.8403361344537815
21700.0,22500.0,-3.5555555555555554
24900.0,26400.0,-5.681818181818182
3500.0,5025.0,-30.34825870646766
26750.0,27100.0,-1.2915129151291513
8000.0,8750.0,-8.571428571428571
13600.0,15050.0,-9.634551495016613
1000.0,225.0,344.44444444444446
12000.0,10150.0,18.226600985221676
10900.0,12050.0,-9.54356846473029
4700.0,4400.0,6.8181818181818175
4900.0,5125.0,-4.390243902439024
1225.0,3950.0,-68.9873417721519
18300.0,18700.0,-2.13903743315508
1200.0,1300.0,-7.6923076923076925
15900.0,14400.0,10.416666666666668
13200.0,13500.0,-2.2222222222222223
20800.0,20300.0,2.4630541871921183
59800.0,61000.0,-1.9672131147540985
20000.0,16700.0,19.760479041916167
9600.0,10150.0,-5.41871921182266
18000.0,19050.0,-5.511811023622047
19500.0,18400.0,5.978260869565218
30750.0,31100.0,-1.1254019292604502
850.0,1275.0,-33.33333333333333
14000.0,13000.0,7.6923076923076925
10200.0,8750.0,16.57142857142857
15200.0,14850.0,2.356902356902357
2000.0,900.0,122.22222222222223
9300.0,10100.0,-7.920792079207921
54500.0,53600.0,1.6791044776119404
41000.0,41900.0,-2.1479713603818613
27750.0,13750.0,101.81818181818181
9100.0,8825.0,3.1161473087818696
2500.0,4425.0,-43.50282485875706
38500.0,37800.0,1.8518518518518516
3700.0,2925.0,26.495726495726498
10000.0,5375.0,86.04651162790698
1300.0,1000.0,30.0
5700.0,4200.0,35.714285714285715
21100.0,18200.0,15.934065934065933
10600.0,9500.0,11.578947368421053
11900.0,12700.0,-6.299212598425196
11300.0,10350.0,9.178743961352657
6400.0,6500.0,-1.5384615384615385
11800.0,11800.0,0.0
3700.0,2075.0,78.3132530120482
41000.0,42000.0,-2.380952380952381
4200.0,3975.0,5.660377358490567
14800.0,15450.0,-4.207119741100324
7600.0,7075.0,7.420494699646643
24200.0,22300.0,8.520179372197308
8800.0,10450.0,-15.789473684210526
13600.0,10300.0,32.038834951456316
3900.0,5550.0,-29.72972972972973
15800.0,15850.0,-0.31545741324921134
4000.0,5425.0,-26.26728110599078
9600.0,12250.0,-21.63265306122449
15800.0,16050.0,-1.557632398753894
20200.0,21700.0,-6.912442396313365
4000.0,5775.0,-30.735930735930733
7100.0,6975.0,1.7921146953405016
1200.0,2125.0,-43.529411764705884
14700.0,15600.0,-5.769230769230769
14600.0,12400.0,17.741935483870968
7800.0,8775.0,-11.11111111111111
20100.0,20200.0,-0.49504950495049505
8700.0,10500.0,-17.142857142857142
2450.0,3750.0,-34.66666666666667
22600.0,22100.0,2.262443438914027
18800.0,18800.0,0.0
27700.0,28400.0,-2.464788732394366
13250.0,18450.0,-28.184281842818425
14000.0,15250.0,-8.19672131147541
35500.0,35700.0,-0.5602240896358543
5000.0,3825.0,30.718954248366014
4500.0,4700.0,-4.25531914893617
3500.0,3175.0,10.236220472440944
1100.0,2725.0,-59.63302752293578
10000.0,11400.0,-12.280701754385964
1600.0,1600.0,0.0
27600.0,26300.0,4.942965779467681
8200.0,10750.0,-23.72093023255814
2600.0,7925.0,-67.19242902208202
36000.0,32000.0,12.5
7000.0,6225.0,12.449799196787147
14300.0,13800.0,3.6231884057971016
4500.0,4850.0,-7.216494845360824
5000.0,4550.0,9.89010989010989
18200.0,17100.0,6.432748538011696
14200.0,14900.0,-4.697986577181208
3000.0,2975.0,0.8403361344537815
4700.0,4450.0,5.617977528089887
17500.0,18000.0,-2.7777777777777777
1600.0,1825.0,-12.32876712328767
14000.0,14100.0,-0.7092198581560284
1800.0,2025.0,-11.11111111111111
14600.0,14850.0,-1.6835016835016834
44500.0,42700.0,4.215456674473068
14900.0,14750.0,1.0169491525423728
13100.0,12050.0,8.71369294605809
12700.0,12000.0,5.833333333333333
11200.0,11550.0,-3.0303030303030303
15500.0,14550.0,6.529209621993128
10400.0,9775.0,6.3938618925831205
6600.0,6225.0,6.024096385542169
42500.0,41400.0,2.657004830917874
2800.0,2800.0,0.0
7400.0,7675.0,-3.5830618892508146
15400.0,15850.0,-2.8391167192429023
2900.0,3450.0,-15.942028985507244
15500.0,15550.0,-0.3215434083601286
23300.0,22500.0,3.5555555555555554
14700.0,13100.0,12.213740458015266
10300.0,10450.0,-1.4354066985645932
15300.0,15500.0,-1.2903225806451613
6900.0,6100.0,13.114754098360656
30500.0,31200.0,-2.2435897435897436
6700.0,6675.0,0.37453183520599254
9400.0,12300.0,-23.577235772357724
11100.0,10850.0,2.3041474654377883
4200.0,3800.0,10.526315789473683
9800.0,9800.0,0.0
10100.0,10500.0,-3.8095238095238098
22200.0,21000.0,5.714285714285714
12700.0,12000.0,5.833333333333333
13400.0,12900.0,3.875968992248062
12900.0,12550.0,2.788844621513944
12300.0,12800.0,-3.90625
4200.0,6600.0,-36.36363636363637
800.0,800.0,0.0
1400.0,1975.0,-29.11392405063291
6000.0,7475.0,-19.732441471571907
13000.0,12650.0,2.766798418972332
7200.0,6525.0,10.344827586206897
11000.0,11100.0,-0.9009009009009009
12800.0,14750.0,-13.220338983050848
12100.0,12600.0,-3.968253968253968
13000.0,13900.0,-6.474820143884892
15000.0,14300.0,4.895104895104895
3400.0,2475.0,37.37373737373738
9000.0,10450.0,-13.875598086124402
3900.0,4400.0,-11.363636363636363
4800.0,6225.0,-22.89156626506024
1900.0,3400.0,-44.11764705882353
11400.0,9700.0,17.525773195876287
39100.0,39100.0,0.0
28500.0,30800.0,-7.467532467532467
8000.0,8875.0,-9.859154929577464
19000.0,17350.0,9.510086455331413
8200.0,7900.0,3.79746835443038
11400.0,11350.0,0.4405286343612335
11500.0,11150.0,3.1390134529147984
7600.0,8450.0,-10.059171597633137
22800.0,24800.0,-8.064516129032258
10300.0,10700.0,-3.7383177570093453
15000.0,18250.0,-17.80821917808219
6100.0,5925.0,2.9535864978902953
8900.0,7800.0,14.102564102564102
9600.0,9500.0,1.0526315789473684
11900.0,11100.0,7.207207207207207
28000.0,28400.0,-1.4084507042253522
18100.0,18350.0,-1.3623978201634876
18200.0,18300.0,-0.546448087431694
8500.0,7900.0,7.59493670886076
11900.0,15200.0,-21.710526315789476
11400.0,11800.0,-3.389830508474576
5100.0,3325.0,53.383458646616546
4700.0,5950.0,-21.008403361344538
3200.0,4525.0,-29.2817679558011
10200.0,9975.0,2.2556390977443606
13700.0,17000.0,-19.411764705882355
10400.0,10700.0,-2.803738317757009
20000.0,18200.0,9.89010989010989
4500.0,4750.0,-5.263157894736842
4200.0,8625.0,-51.30434782608696
13800.0,13350.0,3.3707865168539324
19800.0,19950.0,-0.7518796992481203
21000.0,21400.0,-1.8691588785046727
11300.0,13500.0,-16.296296296296298
19000.0,21200.0,-10.377358490566039
34400.0,33100.0,3.927492447129909
4400.0,4375.0,0.5714285714285714
8500.0,10050.0,-15.422885572139302
37500.0,36300.0,3.3057851239669422
12500.0,10250.0,21.951219512195124
17700.0,18150.0,-2.479338842975207
900.0,2575.0,-65.0485436893204
6300.0,8275.0,-23.867069486404834
11800.0,14050.0,-16.014234875444842
1500.0,1425.0,5.263157894736842
12500.0,12150.0,2.880658436213992
15400.0,15850.0,-2.8391167192429023
10500.0,11000.0,-4.545454545454546
11500.0,11400.0,0.8771929824561403
35500.0,34200.0,3.8011695906432745
17500.0,17650.0,-0.84985835694051
30300.0,25300.0,19.76284584980237
5000.0,3550.0,40.845070422535215
6300.0,4900.0,28.57142857142857
7400.0,6325.0,16.99604743083004
16750.0,15900.0,5.345911949685535
1000.0,1350.0,-25.925925925925924
550.0,1650.0,-66.66666666666666
20500.0,20100.0,1.9900497512437811
11900.0,11900.0,0.0
13800.0,10350.0,33.33333333333333
6300.0,5725.0,10.043668122270741
1600.0,2625.0,-39.04761904761905
17750.0,13800.0,28.6231884057971
9000.0,7675.0,17.263843648208468
11700.0,11700.0,0.0
3300.0,5350.0,-38.31775700934579
3350.0,4175.0,-19.760479041916167
21300.0,21200.0,0.4716981132075472
25000.0,22100.0,13.122171945701359
12700.0,13100.0,-3.0534351145038165
11200.0,9650.0,16.06217616580311
28300.0,25900.0,9.266409266409266
13200.0,11700.0,12.82051282051282
8100.0,7300.0,10.95890410958904
12200.0,10950.0,11.415525114155251
4900.0,3125.0,56.8
4500.0,7750.0,-41.935483870967744
11800.0,7750.0,52.25806451612903
13100.0,12700.0,3.149606299212598
9100.0,10350.0,-12.077294685990339
14500.0,15350.0,-5.537459283387622
1900.0,2475.0,-23.232323232323232
20000.0,21200.0,-5.660377358490567
15400.0,15150.0,1.65016501650165
12200.0,11450.0,6.550218340611353
9700.0,9700.0,0.0
23000.0,21700.0,5.990783410138248
12300.0,13050.0,-5.747126436781609
20000.0,19400.0,3.0927835051546393
16750.0,19050.0,-12.073490813648293
25500.0,25000.0,2.0
9700.0,9325.0,4.021447721179625
34100.0,34700.0,-1.729106628242075
10300.0,11050.0,-6.787330316742081
13700.0,13700.0,0.0
8500.0,10750.0,-20.930232558139537
12800.0,12900.0,-0.7751937984496124
12800.0,11050.0,15.837104072398189
3600.0,2400.0,50.0
4400.0,3100.0,41.935483870967744
500.0,725.0,-31.03448275862069
9200.0,9250.0,-0.5405405405405406
10000.0,9650.0,3.6269430051813467
4200.0,6725.0,-37.54646840148699
4600.0,6050.0,-23.96694214876033
10500.0,12750.0,-17.647058823529413
2600.0,10300.0,-74.75728155339806
22600.0,21600.0,4.62962962962963
5100.0,4475.0,13.966480446927374
5000.0,8975.0,-44.28969359331476
27500.0,27200.0,1.1029411764705883
10700.0,9450.0,13.227513227513226
5000.0,4550.0,9.89010989010989
6700.0,6275.0,6.772908366533864
18200.0,17250.0,5.507246376811594
11100.0,12350.0,-10.121457489878543
29500.0,30100.0,-1.9933554817275747
10600.0,10700.0,-0.9345794392523363
1500.0,950.0,57.89473684210527
1500.0,250.0,500.0
7100.0,7900.0,-10.126582278481013
14000.0,14450.0,-3.1141868512110724
18500.0,18450.0,0.27100271002710025
20800.0,21200.0,-1.8867924528301887
10500.0,10750.0,-2.3255813953488373
4000.0,5425.0,-26.26728110599078
23900.0,22300.0,7.174887892376682
6200.0,7550.0,-17.880794701986755
10700.0,10650.0,0.4694835680751174
2300.0,4400.0,-47.72727272727273
5900.0,5550.0,6.306306306306306
13600.0,12950.0,5.019305019305019
13400.0,13350.0,0.37453183520599254
7000.0,6775.0,3.3210332103321036
7800.0,7350.0,6.122448979591836
11700.0,10300.0,13.592233009708737
14100.0,13400.0,5.223880597014925
15900.0,16300.0,-2.4539877300613497
14600.0,14800.0,-1.3513513513513513
18500.0,18150.0,1.9283746556473829
3400.0,5400.0,-37.03703703703704
10000.0,10600.0,-5.660377358490567
7300.0,7250.0,0.6896551724137931
12500.0,12700.0,-1.574803149606299
8400.0,7400.0,13.513513513513514
16500.0,16000.0,3.125
5600.0,5100.0,9.803921568627452
29300.0,29500.0,-0.6779661016949152
12200.0,12400.0,-1.6129032258064515
2700.0,4525.0,-40.331491712707184
17000.0,15750.0,7.936507936507936
11100.0,12450.0,-10.843373493975903
3750.0,4225.0,-11.242603550295858
14200.0,11850.0,19.831223628691983
25200.0,26000.0,-3.076923076923077
8200.0,8525.0,-3.812316715542522
8400.0,6100.0,37.704918032786885
3700.0,5000.0,-26.0
6000.0,8425.0,-28.783382789317507
25500.0,24300.0,4.938271604938271
29400.0,26700.0,10.112359550561797
13300.0,13050.0,1.9157088122605364
15800.0,15100.0,4.635761589403973
15000.0,13350.0,12.359550561797752
9400.0,9200.0,2.1739130434782608
3200.0,2475.0,29.292929292929294
21300.0,19750.0,7.848101265822785
22100.0,17250.0,28.115942028985508
10000.0,12250.0,-18.367346938775512
10200.0,10250.0,-0.4878048780487805
11000.0,10800.0,1.8518518518518516
24100.0,25500.0,-5.490196078431373
10600.0,10500.0,0.9523809523809524
11200.0,14850.0,-24.579124579124578
500.0,1325.0,-62.264150943396224
9000.0,12200.0,-26.229508196721312
10400.0,10500.0,-0.9523809523809524
4000.0,3450.0,15.942028985507244
21100.0,20000.0,5.5
13000.0,13550.0,-4.059040590405904
37200.0,34500.0,7.82608695652174
4000.0,11950.0,-66.52719665271967
9000.0,8075.0,11.455108359133128
1300.0,1050.0,23.809523809523807
10800.0,12700.0,-14.960629921259844
2800.0,3600.0,-22.22222222222222
3900.0,6075.0,-35.80246913580247
16800.0,16800.0,0.0
17900.0,17650.0,1.41643059490085
11700.0,10850.0,7.834101382488479
15000.0,16850.0,-10.979228486646884
3100.0,7850.0,-60.509554140127385
1900.0,3075.0,-38.21138211382114
12400.0,12350.0,0.4048582995951417
9000.0,11150.0,-19.282511210762333
30000.0,26300.0,14.068441064638785
19500.0,18700.0,4.27807486631016
11200.0,13050.0,-14.17624521072797
16800.0,16200.0,3.7037037037037033
6900.0,6975.0,-1.0752688172043012
14400.0,14150.0,1.76678445229682
18500.0,18450.0,0.27100271002710025
17600.0,19400.0,-9.278350515463918
1850.0,2175.0,-14.942528735632186
3900.0,4175.0,-6.58682634730539
15100.0,13950.0,8.24372759856631
8100.0,9750.0,-16.923076923076923
23250.0,24800.0,-6.25
21000.0,20600.0,1.9417475728155338
18300.0,17850.0,2.5210084033613445
3400.0,2175.0,56.32183908045977
1400.0,1500.0,-6.666666666666667
13800.0,15450.0,-10.679611650485436
8500.0,7375.0,15.254237288135593
12300.0,13250.0,-7.169811320754717
29800.0,26200.0,13.740458015267176
33500.0,31800.0,5.345911949685535
8600.0,7450.0,15.436241610738255
20500.0,20200.0,1.4851485148514851
800.0,4775.0,-83.24607329842932
22250.0,22800.0,-2.4122807017543857
15100.0,13950.0,8.24372759856631
12900.0,13050.0,-1.1494252873563218
20000.0,20100.0,-0.4975124378109453
4600.0,5350.0,-14.018691588785046
3500.0,4300.0,-18.6046511627907
10400.0,10150.0,2.4630541871921183
4200.0,4000.0,5.0
1500.0,2200.0,-31.818181818181817
5400.0,3525.0,53.191489361702125
9400.0,12200.0,-22.950819672131146
12000.0,13650.0,-12.087912087912088
15000.0,13000.0,15.384615384615385
13400.0,11550.0,16.017316017316016
3500.0,3225.0,8.527131782945736
33200.0,29000.0,14.482758620689657
22500.0,19550.0,15.089514066496163
9400.0,9600.0,-2.083333333333333
21500.0,20100.0,6.965174129353234
7800.0,8275.0,-5.740181268882175
22100.0,21200.0,4.245283018867925
12000.0,11550.0,3.896103896103896
26300.0,15500.0,69.6774193548387
16500.0,15250.0,8.19672131147541
13800.0,13400.0,2.9850746268656714
26750.0,27900.0,-4.121863799283155
16400.0,16200.0,1.2345679012345678
16700.0,19100.0,-12.56544502617801
11900.0,11900.0,0.0
1100.0,2625.0,-58.0952380952381
2800.0,3600.0,-22.22222222222222
6500.0,6850.0,-5.109489051094891
12000.0,12200.0,-1.639344262295082
22800.0,21100.0,8.056872037914692
9500.0,8000.0,18.75
18900.0,18550.0,1.8867924528301887
26600.0,25000.0,6.4
26000.0,26400.0,-1.5151515151515151
6900.0,6525.0,5.747126436781609
2500.0,3500.0,-28.57142857142857
5800.0,4800.0,20.833333333333336
23500.0,25800.0,-8.914728682170542
46000.0,47300.0,-2.748414376321353
28750.0,28300.0,1.5901060070671376
18900.0,19200.0,-1.5625
7400.0,7400.0,0.0
56500.0,56100.0,0.7130124777183601
9700.0,10650.0,-8.92018779342723
13600.0,12650.0,7.5098814229249005
18200.0,18150.0,0.27548209366391185
12400.0,13250.0,-6.415094339622642
9000.0,8275.0,8.761329305135952
2050.0,3175.0,-35.43307086614173
31800.0,32600.0,-2.4539877300613497
4600.0,3175.0,44.881889763779526
25250.0,23700.0,6.5400843881856545
15900.0,15150.0,4.9504950495049505
14000.0,16950.0,-17.404129793510325
11500.0,12100.0,-4.958677685950414
28300.0,28100.0,0.7117437722419928
3000.0,7075.0,-57.59717314487632
4700.0,4450.0,5.617977528089887
4000.0,2750.0,45.45454545454545
5500.0,7375.0,-25.423728813559322
29500.0,28700.0,2.7874564459930316
1500.0,1700.0,-11.76470588235294
6000.0,6150.0,-2.4390243902439024
20000.0,19550.0,2.3017902813299234
13300.0,13250.0,0.37735849056603776
16000.0,15550.0,2.8938906752411575
19500.0,20600.0,-5.339805825242718
11100.0,11950.0,-7.112970711297072
5100.0,5250.0,-2.857142857142857
29200.0,29600.0,-1.3513513513513513
23000.0,21800.0,5.5045871559633035
16800.0,17400.0,-3.4482758620689653
13900.0,12450.0,11.646586345381527
15500.0,14100.0,9.929078014184398
16300.0,16200.0,0.6172839506172839
14100.0,14500.0,-2.7586206896551726
8200.0,7300.0,12.32876712328767
1900.0,2975.0,-36.134453781512605
12100.0,12350.0,-2.0242914979757085
21250.0,20600.0,3.1553398058252426
15000.0,17750.0,-15.492957746478872
19500.0,19600.0,-0.5102040816326531
1050.0,2200.0,-52.27272727272727
1550.0,2900.0,-46.55172413793103
2400.0,1850.0,29.72972972972973
9000.0,7875.0,14.285714285714285
3800.0,4175.0,-8.982035928143713
26900.0,29700.0,-9.427609427609427
3600.0,3025.0,19.00826446280992
8000.0,11750.0,-31.914893617021278
11000.0,10100.0,8.91089108910891
9900.0,12300.0,-19.51219512195122
18400.0,18400.0,0.0
17400.0,16500.0,5.454545454545454
28000.0,28500.0,-1.7543859649122806
6000.0,4600.0,30.434782608695656
9900.0,8775.0,12.82051282051282
12800.0,11800.0,8.47457627118644
28500.0,26700.0,6.741573033707865
34600.0,34000.0,1.7647058823529411
30000.0,29100.0,3.0927835051546393
5100.0,3625.0,40.689655172413794
8300.0,10650.0,-22.065727699530516
2600.0,2075.0,25.301204819277107
20400.0,20000.0,2.0
17700.0,17450.0,1.4326647564469914
5000.0,5100.0,-1.9607843137254901
30100.0,30700.0,-1.9543973941368076
7800.0,8850.0,-11.864406779661017
11800.0,12250.0,-3.6734693877551026
21800.0,22100.0,-1.3574660633484164
12900.0,12150.0,6.172839506172839
2300.0,2150.0,6.976744186046512
2000.0,5400.0,-62.96296296296296
14600.0,14900.0,-2.013422818791946
15400.0,16150.0,-4.643962848297214
13000.0,13300.0,-2.2556390977443606
6900.0,7750.0,-10.967741935483872
1200.0,1525.0,-21.311475409836063
17000.0,16100.0,5.590062111801243
13300.0,13050.0,1.9157088122605364
1300.0,1200.0,8.333333333333332
15500.0,15750.0,-1.5873015873015872
7000.0,11300.0,-38.05309734513274
16400.0,21100.0,-22.274881516587676
6300.0,7300.0,-13.698630136986301
20250.0,21400.0,-5.373831775700935
3000.0,3675.0,-18.367346938775512
9400.0,8275.0,13.595166163141995
18100.0,18450.0,-1.8970189701897018
5400.0,5825.0,-7.296137339055794
11200.0,11300.0,-0.8849557522123894
40750.0,39100.0,4.219948849104859
31000.0,32000.0,-3.125
25500.0,23800.0,7.142857142857142
4700.0,3475.0,35.25179856115108
20400.0,21500.0,-5.116279069767442
7300.0,6350.0,14.960629921259844
9500.0,14850.0,-36.02693602693603
12700.0,11850.0,7.172995780590717
9400.0,9075.0,3.581267217630854
19700.0,19050.0,3.4120734908136483
1150.0,2300.0,-50.0
1200.0,1500.0,-20.0
33500.0,33200.0,0.9036144578313252
14900.0,15150.0,-1.65016501650165
13200.0,15100.0,-12.582781456953644
15900.0,16750.0,-5.074626865671641
9700.0,10050.0,-3.482587064676617
5200.0,8025.0,-35.202492211838006
3200.0,3200.0,0.0
9800.0,11350.0,-13.656387665198238
12700.0,13150.0,-3.4220532319391634
9000.0,9200.0,-2.1739130434782608
19200.0,17300.0,10.982658959537572
18500.0,15950.0,15.987460815047022
23400.0,23300.0,0.4291845493562232
12400.0,11150.0,11.210762331838566
2700.0,2550.0,5.88235294117647
16200.0,16050.0,0.9345794392523363
10900.0,10100.0,7.920792079207921
18600.0,22400.0,-16.964285714285715
18700.0,19100.0,-2.094240837696335
4800.0,6450.0,-25.581395348837212
19500.0,17850.0,9.243697478991598
13600.0,14400.0,-5.555555555555555
16500.0,14650.0,12.627986348122866
500.0,1050.0,-52.38095238095239
4500.0,3175.0,41.732283464566926
15600.0,16850.0,-7.418397626112759
29600.0,29900.0,-1.0033444816053512
1600.0,4925.0,-67.51269035532995
16600.0,16450.0,0.911854103343465
11300.0,11600.0,-2.586206896551724
9500.0,11750.0,-19.148936170212767
9000.0,8150.0,10.429447852760736
4200.0,4250.0,-1.1764705882352942
23000.0,23400.0,-1.7094017094017095
25900.0,27700.0,-6.4981949458483745
14400.0,14500.0,-0.6896551724137931
3800.0,3700.0,2.7027027027027026
900.0,2150.0,-58.139534883720934
1800.0,1725.0,4.3478260869565215
2700.0,3425.0,-21.16788321167883
11900.0,11850.0,0.42194092827004215
31800.0,31900.0,-0.3134796238244514
1200.0,3700.0,-67.56756756756756
10500.0,11300.0,-7.079646017699115
25400.0,23400.0,8.547008547008547
12800.0,13350.0,-4.119850187265917
21200.0,21300.0,-0.4694835680751174
10800.0,10450.0,3.349282296650718
13600.0,13650.0,-0.3663003663003663
3900.0,4250.0,-8.235294117647058
11800.0,11850.0,-0.42194092827004215
6600.0,8700.0,-24.137931034482758
11500.0,11750.0,-2.127659574468085
11200.0,12250.0,-8.571428571428571
11700.0,11700.0,0.0
4250.0,11450.0,-62.882096069869
11600.0,11050.0,4.97737556561086
8400.0,7525.0,11.627906976744185
4000.0,5075.0,-21.182266009852217
4400.0,4075.0,7.975460122699387
7900.0,15450.0,-48.86731391585761
2600.0,1925.0,35.064935064935064
7000.0,7825.0,-10.543130990415335
5000.0,2825.0,76.99115044247787
8900.0,10000.0,-11.0
3400.0,4575.0,-25.683060109289617
29000.0,26300.0,10.26615969581749
1200.0,4350.0,-72.41379310344827
15900.0,15550.0,2.2508038585209005
17300.0,17950.0,-3.6211699164345403
77000.0,73000.0,5.47945205479452
10700.0,11050.0,-3.167420814479638
26900.0,26700.0,0.7490636704119851
24750.0,23900.0,3.556485355648536
1000.0,1600.0,-37.5
32300.0,32800.0,-1.524390243902439
6800.0,7975.0,-14.733542319749215
70500.0,70000.0,0.7142857142857143
15250.0,14900.0,2.348993288590604
8000.0,5125.0,56.09756097560976
20200.0,23000.0,-12.173913043478262
5000.0,4750.0,5.263157894736842
8250.0,5800.0,42.241379310344826
8500.0,10800.0,-21.296296296296298
10900.0,10150.0,7.389162561576355
10600.0,10350.0,2.4154589371980677
35000.0,37200.0,-5.913978494623656
14600.0,12850.0,13.618677042801556
6900.0,8325.0,-17.117117117117118
3500.0,3725.0,-6.0402684563758395
16500.0,16150.0,2.1671826625387
9100.0,7050.0,29.078014184397162
8700.0,8850.0,-1.694915254237288
32600.0,29500.0,10.508474576271185
14200.0,12050.0,17.842323651452283
600.0,850.0,-29.411764705882355
4600.0,5725.0,-19.65065502183406
8100.0,12300.0,-34.146341463414636
12700.0,12650.0,0.3952569169960474
3100.0,7075.0,-56.18374558303887
1800.0,2375.0,-24.210526315789473
3800.0,3750.0,1.3333333333333335
12100.0,14150.0,-14.487632508833922
25600.0,26900.0,-4.83271375464684
12000.0,10850.0,10.599078341013826
34000.0,35100.0,-3.133903133903134
8700.0,7450.0,16.778523489932887
21000.0,20000.0,5.0
10600.0,11650.0,-9.012875536480687
14200.0,15350.0,-7.491856677524431
6500.0,6075.0,6.995884773662551
16500.0,16700.0,-1.1976047904191618
1050.0,2250.0,-53.333333333333336
14700.0,13100.0,12.213740458015266
11700.0,11200.0,4.464285714285714
14800.0,14050.0,5.338078291814947
20100.0,19900.0,1.0050251256281406
15000.0,14500.0,3.4482758620689653
13100.0,12700.0,3.149606299212598
14200.0,14650.0,-3.0716723549488054
7000.0,9575.0,-26.89295039164491
19900.0,19700.0,1.015228426395939
23000.0,23500.0,-2.127659574468085
2000.0,2425.0,-17.525773195876287
2300.0,2475.0,-7.07070707070707
25000.0,22000.0,13.636363636363635
4100.0,18200.0,-77.47252747252747
1500.0,3450.0,-56.52173913043478
13900.0,14950.0,-7.023411371237458
10900.0,13200.0,-17.424242424242426
28000.0,29900.0,-6.354515050167224
13700.0,14100.0,-2.8368794326241136
11000.0,11050.0,-0.4524886877828055
3000.0,3400.0,-11.76470588235294
6600.0,9275.0,-28.84097035040431
19400.0,17500.0,10.857142857142858
15400.0,15000.0,2.666666666666667
23100.0,21700.0,6.451612903225806
14800.0,14900.0,-0.6711409395973155
24200.0,23500.0,2.9787234042553195
3400.0,4375.0,-22.285714285714285
14200.0,14250.0,-0.3508771929824561
13300.0,13200.0,0.7575757575757576
8800.0,9550.0,-7.853403141361256
14600.0,14450.0,1.0380622837370241
8100.0,8450.0,-4.142011834319527
17500.0,16100.0,8.695652173913043
21750.0,21300.0,2.112676056338028
32000.0,30800.0,3.896103896103896
16500.0,16000.0,3.125
20900.0,21000.0,-0.4761904761904762
4500.0,4175.0,7.784431137724551
5200.0,5075.0,2.4630541871921183
13300.0,19000.0,-30.0
46000.0,45300.0,1.545253863134658
5900.0,6400.0,-7.8125
14000.0,14050.0,-0.3558718861209964
3200.0,3525.0,-9.219858156028367
2300.0,1775.0,29.577464788732392
26500.0,26500.0,0.0
5900.0,5075.0,16.25615763546798
16500.0,16000.0,3.125
24800.0,22900.0,8.296943231441048
22600.0,21700.0,4.147465437788019
11000.0,10850.0,1.3824884792626728
15750.0,14200.0,10.915492957746478
19200.0,19200.0,0.0
22000.0,21900.0,0.45662100456621
20600.0,21000.0,-1.9047619047619049
13500.0,12700.0,6.299212598425196
22300.0,22800.0,-2.1929824561403506
26400.0,26300.0,0.38022813688212925
13200.0,12000.0,10.0
16000.0,16550.0,-3.3232628398791544
5500.0,6375.0,-13.725490196078432
500.0,1075.0,-53.48837209302325
10900.0,12600.0,-13.492063492063492
13800.0,14500.0,-4.827586206896552
6500.0,7525.0,-13.621262458471762
23000.0,22600.0,1.7699115044247788
9800.0,8075.0,21.36222910216718
4000.0,5475.0,-26.94063926940639
20500.0,22300.0,-8.071748878923767
4900.0,5400.0,-9.25925925925926
23400.0,21200.0,10.377358490566039
6200.0,6300.0,-1.5873015873015872
1100.0,1675.0,-34.32835820895522
22000.0,21400.0,2.803738317757009
750.0,850.0,-11.76470588235294
3200.0,2675.0,19.626168224299064
5300.0,4700.0,12.76595744680851
13900.0,13450.0,3.3457249070631967
13800.0,13200.0,4.545454545454546
700.0,2625.0,-73.33333333333333
10600.0,10700.0,-0.9345794392523363
2600.0,1675.0,55.223880597014926
12500.0,8025.0,55.7632398753894
2800.0,4775.0,-41.361256544502616
19800.0,20700.0,-4.3478260869565215
3100.0,3800.0,-18.421052631578945
16800.0,15050.0,11.627906976744185
17000.0,17750.0,-4.225352112676056
7800.0,9475.0,-17.678100263852244
14300.0,12650.0,13.043478260869565
10200.0,10250.0,-0.4878048780487805
8300.0,7000.0,18.571428571428573
19900.0,19800.0,0.5050505050505051
22200.0,22300.0,-0.4484304932735426
1700.0,1125.0,51.11111111111111
3300.0,1425.0,131.57894736842107
13000.0,14800.0,-12.162162162162163
7900.0,7275.0,8.59106529209622
1200.0,600.0,100.0
3700.0,9975.0,-62.907268170426065
10800.0,10750.0,0.46511627906976744
11200.0,10950.0,2.28310502283105
11500.0,11600.0,-0.8620689655172413
20200.0,20200.0,0.0
3000.0,2700.0,11.11111111111111
10100.0,9750.0,3.5897435897435894
6500.0,5375.0,20.930232558139537
13900.0,12100.0,14.87603305785124
26200.0,22300.0,17.48878923766816
32000.0,29400.0,8.843537414965986
12700.0,12400.0,2.4193548387096775
23600.0,21500.0,9.767441860465116
17500.0,17050.0,2.6392961876832843
26800.0,25700.0,4.280155642023346
2300.0,2175.0,5.747126436781609
10000.0,9925.0,0.7556675062972292
2400.0,1000.0,140.0
8300.0,8675.0,-4.322766570605188
9400.0,8625.0,8.985507246376812
13400.0,12300.0,8.94308943089431
25750.0,24100.0,6.846473029045644
15700.0,16250.0,-3.3846153846153846
5600.0,8400.0,-33.33333333333333
28400.0,29500.0,-3.728813559322034
8300.0,8525.0,-2.6392961876832843
6900.0,7700.0,-10.38961038961039
21200.0,20000.0,6.0
8200.0,17400.0,-52.87356321839081
27200.0,25700.0,5.836575875486381
36000.0,29100.0,23.711340206185564
4400.0,3075.0,43.08943089430895
4600.0,4950.0,-7.07070707070707
1000.0,1625.0,-38.46153846153847
21000.0,20600.0,1.9417475728155338
11000.0,11750.0,-6.382978723404255
21900.0,22300.0,-1.7937219730941705
4900.0,6325.0,-22.529644268774703
16200.0,14300.0,13.286713286713287
8000.0,7475.0,7.023411371237458
18100.0,19100.0,-5.2356020942408374
23600.0,22800.0,3.508771929824561
14400.0,13750.0,4.7272727272727275
4800.0,5225.0,-8.133971291866029
42300.0,40900.0,3.4229828850855744
24300.0,25800.0,-5.813953488372093
3200.0,1900.0,68.42105263157895
16300.0,16550.0,-1.5105740181268883
2800.0,3050.0,-8.19672131147541
13200.0,14500.0,-8.96551724137931
18200.0,19650.0,-7.37913486005089
2100.0,1900.0,10.526315789473683
12800.0,10950.0,16.894977168949772
16250.0,16050.0,1.2461059190031152
4750.0,3200.0,48.4375
9700.0,5750.0,68.69565217391305
36800.0,32700.0,12.538226299694188
10400.0,10650.0,-2.3474178403755865
20800.0,21400.0,-2.803738317757009
7400.0,8225.0,-10.030395136778116
20900.0,19500.0,7.179487179487179
16900.0,17000.0,-0.5882352941176471
16000.0,12800.0,25.0
14700.0,14650.0,0.3412969283276451
11000.0,11200.0,-1.7857142857142856
4500.0,5925.0,-24.050632911392405
11000.0,13250.0,-16.9811320754717
6300.0,5225.0,20.574162679425836
1800.0,1375.0,30.909090909090907
18000.0,18600.0,-3.225806451612903
19100.0,19250.0,-0.7792207792207793
18400.0,21400.0,-14.018691588785046
9200.0,8575.0,7.288629737609329
14700.0,18700.0,-21.390374331550802
2300.0,2675.0,-14.018691588785046
2100.0,5050.0,-58.415841584158414
3500.0,3975.0,-11.949685534591195
10800.0,10800.0,0.0
18000.0,17850.0,0.8403361344537815
3750.0,3225.0,16.27906976744186
2100.0,2250.0,-6.666666666666667
3600.0,3300.0,9.090909090909092
12400.0,13800.0,-10.144927536231885
18700.0,18700.0,0.0
14500.0,14900.0,-2.684563758389262
9600.0,9100.0,5.4945054945054945
7000.0,5875.0,19.148936170212767
9600.0,11850.0,-18.9873417721519
27300.0,27800.0,-1.7985611510791366
8600.0,10200.0,-15.686274509803921
10200.0,9800.0,4.081632653061225
1100.0,1275.0,-13.725490196078432
15400.0,14950.0,3.0100334448160537
3500.0,2725.0,28.440366972477065
6700.0,7625.0,-12.131147540983607
1200.0,1900.0,-36.84210526315789
39400.0,39800.0,-1.0050251256281406
23900.0,21600.0,10.648148148148149
11200.0,11700.0,-4.273504273504273
1700.0,1850.0,-8.108108108108109
24000.0,21700.0,10.599078341013826
42750.0,41800.0,2.272727272727273
13500.0,12150.0,11.11111111111111
1900.0,2850.0,-33.33333333333333
6600.0,8300.0,-20.481927710843372
23000.0,24600.0,-6.504065040650407
1500.0,4125.0,-63.63636363636363
10000.0,9850.0,1.5228426395939088
11600.0,8550.0,35.67251461988304
24800.0,22800.0,8.771929824561402
14400.0,13650.0,5.4945054945054945
2800.0,2625.0,6.666666666666667
3500.0,2700.0,29.629629629629626
14100.0,12300.0,14.634146341463413
9750.0,8375.0,16.417910447761194
7900.0,8050.0,-1.8633540372670807
10600.0,11300.0,-6.1946902654867255
5700.0,6100.0,-6.557377049180328
20500.0,20500.0,0.0
14200.0,13800.0,2.898550724637681
21900.0,18700.0,17.11229946524064
17600.0,16850.0,4.451038575667656
17100.0,16350.0,4.587155963302752
16700.0,14200.0,17.6056338028169
7500.0,8275.0,-9.365558912386707
1400.0,1850.0,-24.324324324324326
28400.0,28700.0,-1.0452961672473868
4600.0,5650.0,-18.58407079646018
13600.0,12750.0,6.666666666666667
15000.0,15500.0,-3.225806451612903
12200.0,11550.0,5.627705627705628
10400.0,11550.0,-9.956709956709958
17100.0,16600.0,3.0120481927710845
11700.0,11800.0,-0.847457627118644
24100.0,23600.0,2.11864406779661
11600.0,11700.0,-0.8547008547008548
16300.0,20100.0,-18.90547263681592
24500.0,24900.0,-1.6064257028112447
2800.0,3525.0,-20.56737588652482
6600.0,5175.0,27.536231884057973
19700.0,18750.0,5.066666666666666
22250.0,23400.0,-4.914529914529915
4400.0,2650.0,66.0377358490566
44000.0,44800.0,-1.7857142857142856
2300.0,1650.0,39.39393939393939
15800.0,15250.0,3.606557377049181
17500.0,17050.0,2.6392961876832843
9100.0,9450.0,-3.7037037037037033
9300.0,9425.0,-1.3262599469496021
6200.0,5100.0,21.568627450980394
2500.0,1825.0,36.986301369863014
24200.0,25500.0,-5.098039215686274
14500.0,12600.0,15.079365079365079
13300.0,14300.0,-6.993006993006993
10900.0,11400.0,-4.385964912280701
1300.0,2200.0,-40.909090909090914
18000.0,19950.0,-9.774436090225564
9400.0,10200.0,-7.8431372549019605
30000.0,30000.0,0.0
800.0,1425.0,-43.859649122807014
4300.0,12850.0,-66.53696498054474
13600.0,14150.0,-3.8869257950530036
2100.0,4275.0,-50.877192982456144
15700.0,15800.0,-0.6329113924050633
17200.0,17800.0,-3.3707865168539324
3600.0,4925.0,-26.903553299492383
13000.0,13250.0,-1.8867924528301887
7500.0,4800.0,56.25
12900.0,15000.0,-14.000000000000002
6000.0,7625.0,-21.311475409836063
18500.0,17950.0,3.064066852367688
28100.0,25900.0,8.494208494208493
18200.0,16700.0,8.982035928143713
11600.0,10700.0,8.411214953271028
14300.0,13650.0,4.761904761904762
16000.0,18900.0,-15.343915343915343
41200.0,41600.0,-0.9615384615384616
4700.0,4625.0,1.6216216216216217
37200.0,35800.0,3.910614525139665
29750.0,26800.0,11.007462686567164
15100.0,13750.0,9.818181818181818
22400.0,21200.0,5.660377358490567
10500.0,11100.0,-5.405405405405405
3400.0,3375.0,0.7407407407407408
7900.0,7900.0,0.0
17800.0,18500.0,-3.783783783783784
36200.0,36400.0,-0.5494505494505495
16000.0,15400.0,3.896103896103896
3000.0,4900.0,-38.775510204081634
13200.0,12950.0,1.9305019305019304
4900.0,2925.0,67.52136752136752
13700.0,12950.0,5.7915057915057915
19700.0,19050.0,3.4120734908136483
13900.0,14150.0,-1.76678445229682
13000.0,13300.0,-2.2556390977443606
22000.0,21800.0,0.9174311926605505
700.0,1350.0,-48.148148148148145
9900.0,13200.0,-25.0
13700.0,13050.0,4.980842911877394
11900.0,11600.0,2.586206896551724
11900.0,13550.0,-12.177121771217712
11400.0,11950.0,-4.602510460251046
12600.0,12300.0,2.4390243902439024
13800.0,13800.0,0.0
9250.0,10250.0,-9.75609756097561
11000.0,11450.0,-3.9301310043668125
4100.0,4050.0,1.2345679012345678
2800.0,3900.0,-28.205128205128204
10000.0,12050.0,-17.012448132780083
18200.0,18350.0,-0.8174386920980926
3500.0,3300.0,6.0606060606060606
13500.0,12850.0,5.058365758754864
2800.0,3875.0,-27.741935483870968
19900.0,20100.0,-0.9950248756218906
14900.0,15000.0,-0.6666666666666667
14200.0,12750.0,11.372549019607844
23750.0,27100.0,-12.361623616236162
13400.0,13300.0,0.7518796992481203
13000.0,13950.0,-6.810035842293908
11200.0,11300.0,-0.8849557522123894
17200.0,17650.0,-2.5495750708215295
28400.0,29100.0,-2.405498281786942
5000.0,7475.0,-33.11036789297659
900.0,3375.0,-73.33333333333333
16250.0,17100.0,-4.970760233918129
27100.0,26800.0,1.1194029850746268
7000.0,6500.0,7.6923076923076925
17000.0,16100.0,5.590062111801243
14500.0,13400.0,8.208955223880597
13200.0,13400.0,-1.4925373134328357
7200.0,6350.0,13.385826771653544
10500.0,10100.0,3.9603960396039604
7700.0,8575.0,-10.204081632653061
9400.0,11250.0,-16.444444444444446
13300.0,12900.0,3.10077519379845
15300.0,11450.0,33.624454148471614
5800.0,7350.0,-21.08843537414966
13750.0,13800.0,-0.36231884057971014
6500.0,6875.0,-5.454545454545454
1600.0,1925.0,-16.883116883116884
10800.0,10200.0,5.88235294117647
14300.0,13350.0,7.116104868913857
16000.0,16050.0,-0.3115264797507788
19900.0,19050.0,4.4619422572178475
8500.0,12100.0,-29.75206611570248
8300.0,7375.0,12.54237288135593
7000.0,6950.0,0.7194244604316548
3700.0,4150.0,-10.843373493975903
20400.0,19350.0,5.426356589147287
11000.0,16150.0,-31.88854489164087
18200.0,19100.0,-4.712041884816754
14000.0,16300.0,-14.11042944785276
15300.0,14650.0,4.436860068259386
26600.0,31200.0,-14.743589743589745
2000.0,2550.0,-21.568627450980394
4400.0,6075.0,-27.572016460905353
9200.0,9475.0,-2.9023746701846966
1700.0,1800.0,-5.555555555555555
42750.0,43500.0,-1.7241379310344827
4500.0,4550.0,-1.098901098901099
9400.0,9225.0,1.8970189701897018
22800.0,20800.0,9.615384615384617
3900.0,5825.0,-33.047210300429185
20000.0,18550.0,7.816711590296496
14300.0,18450.0,-22.493224932249323
1100.0,1025.0,7.317073170731707
12300.0,12050.0,2.0746887966804977
20800.0,23300.0,-10.72961373390558
9250.0,8850.0,4.519774011299435
2500.0,4400.0,-43.18181818181818
20900.0,20900.0,0.0
7200.0,6550.0,9.923664122137405
1500.0,1325.0,13.20754716981132
1750.0,2375.0,-26.31578947368421
12600.0,12550.0,0.398406374501992
11800.0,8650.0,36.41618497109826
10900.0,12850.0,-15.17509727626459
22100.0,22000.0,0.45454545454545453
6000.0,6225.0,-3.614457831325301
8500.0,6575.0,29.277566539923956
3500.0,3275.0,6.870229007633588
17000.0,16850.0,0.8902077151335311
21500.0,21600.0,-0.4629629629629629
11650.0,12700.0,-8.267716535433072
7000.0,6150.0,13.821138211382115
10400.0,11050.0,-5.88235294117647
1000.0,1575.0,-36.507936507936506
7300.0,8625.0,-15.36231884057971
12000.0,11800.0,1.694915254237288
17000.0,16700.0,1.7964071856287425
7900.0,10350.0,-23.67149758454106
7200.0,5850.0,23.076923076923077
19250.0,21600.0,-10.87962962962963
15800.0,15550.0,1.607717041800643
13000.0,14300.0,-9.090909090909092
7900.0,6350.0,24.409448818897637
16900.0,18050.0,-6.3711911357340725
3300.0,2200.0,50.0
2800.0,3175.0,-11.811023622047244
26700.0,24400.0,9.426229508196721
10100.0,10400.0,-2.8846153846153846
29600.0,29200.0,1.36986301369863
13200.0,12650.0,4.3478260869565215
10700.0,10100.0,5.9405940594059405
950.0,3650.0,-73.97260273972603
10500.0,14350.0,-26.82926829268293
18500.0,17550.0,5.413105413105413
8600.0,9125.0,-5.7534246575342465
15250.0,14450.0,5.536332179930796
8900.0,8325.0,6.906906906906906
5900.0,9300.0,-36.55913978494624
19250.0,16950.0,13.569321533923304
12300.0,10900.0,12.844036697247708
23500.0,23300.0,0.8583690987124464
4400.0,9275.0,-52.56064690026954
17400.0,16900.0,2.9585798816568047
14500.0,14500.0,0.0
5100.0,5800.0,-12.068965517241379
11600.0,11300.0,2.6548672566371683
10400.0,10350.0,0.4830917874396135
12500.0,12750.0,-1.9607843137254901
14000.0,18350.0,-23.705722070844686
10750.0,12300.0,-12.601626016260163
2200.0,5500.0,-60.0
4300.0,6825.0,-36.996336996337
11500.0,17900.0,-35.754189944134076
14900.0,16900.0,-11.834319526627219
11700.0,11300.0,3.5398230088495577
42250.0,43900.0,-3.758542141230068
14300.0,13250.0,7.9245283018867925
13100.0,13250.0,-1.1320754716981132
28800.0,29700.0,-3.0303030303030303
6100.0,5300.0,15.09433962264151
1700.0,3375.0,-49.629629629629626
9200.0,9725.0,-5.3984575835475574
15200.0,15550.0,-2.2508038585209005
800.0,2050.0,-60.97560975609756
14200.0,14100.0,0.7092198581560284
24000.0,22300.0,7.623318385650224
9300.0,12350.0,-24.696356275303643
13750.0,16900.0,-18.639053254437872
50250.0,48600.0,3.3950617283950617
15300.0,15100.0,1.3245033112582782
2100.0,2975.0,-29.411764705882355
12700.0,14000.0,-9.285714285714286
10500.0,10150.0,3.4482758620689653
13100.0,12800.0,2.34375
7600.0,7400.0,2.7027027027027026
32300.0,31300.0,3.1948881789137378
19900.0,18600.0,6.989247311827956
43700.0,43900.0,-0.45558086560364464
4100.0,3825.0,7.18954248366013
12300.0,11900.0,3.361344537815126
3700.0,5600.0,-33.92857142857143
3050.0,4375.0,-30.28571428571429
33500.0,32900.0,1.82370820668693
6000.0,8075.0,-25.696594427244584
19900.0,24100.0,-17.42738589211618
1800.0,2300.0,-21.73913043478261
5100.0,4975.0,2.512562814070352
16400.0,12950.0,26.640926640926644
20400.0,19950.0,2.2556390977443606
14200.0,14350.0,-1.0452961672473868
17800.0,17900.0,-0.5586592178770949
25750.0,26300.0,-2.091254752851711
15750.0,14300.0,10.13986013986014
6400.0,7750.0,-17.419354838709676
12100.0,12000.0,0.8333333333333334
9200.0,9000.0,2.2222222222222223
22100.0,24000.0,-7.916666666666666
26100.0,27200.0,-4.044117647058823
11700.0,10550.0,10.90047393364929
8400.0,6625.0,26.79245283018868
26500.0,26900.0,-1.486988847583643
23300.0,20500.0,13.658536585365855
12000.0,10850.0,10.599078341013826
1200.0,2575.0,-53.398058252427184
14700.0,14200.0,3.5211267605633805
2750.0,2200.0,25.0
13500.0,14150.0,-4.593639575971731
9900.0,9075.0,9.090909090909092
25500.0,26900.0,-5.204460966542751
10900.0,12500.0,-12.8
14600.0,14650.0,-0.3412969283276451
24000.0,21800.0,10.091743119266056
16300.0,15800.0,3.1645569620253164
8200.0,8275.0,-0.906344410876133
10200.0,9050.0,12.70718232044199
6100.0,5675.0,7.488986784140969
3200.0,3875.0,-17.419354838709676
27600.0,25500.0,8.235294117647058
11600.0,13800.0,-15.942028985507244
9000.0,9150.0,-1.639344262295082
21400.0,21400.0,0.0
19900.0,21000.0,-5.238095238095238
20500.0,19650.0,4.325699745547073
4200.0,6575.0,-36.12167300380228
21300.0,21900.0,-2.73972602739726
14200.0,14600.0,-2.73972602739726
3500.0,3900.0,-10.256410256410255
10900.0,9750.0,11.794871794871794
2600.0,2975.0,-12.605042016806722
12700.0,11450.0,10.91703056768559
6600.0,6400.0,3.125
6100.0,11050.0,-44.79638009049774
5900.0,6900.0,-14.492753623188406
700.0,725.0,-3.4482758620689653
2200.0,2125.0,3.5294117647058822
20800.0,22100.0,-5.88235294117647
3200.0,2325.0,37.634408602150536
30500.0,30300.0,0.6600660066006601
16500.0,17250.0,-4.3478260869565215
5000.0,4200.0,19.047619047619047
4500.0,5575.0,-19.282511210762333
17100.0,15050.0,13.621262458471762
4500.0,4350.0,3.4482758620689653
3000.0,1550.0,93.54838709677419
9200.0,9575.0,-3.91644908616188
3400.0,2775.0,22.52252252252252
16200.0,15350.0,5.537459283387622
14800.0,15150.0,-2.31023102310231
20100.0,20300.0,-0.9852216748768473
5100.0,8000.0,-36.25
12100.0,11850.0,2.109704641350211
3100.0,2450.0,26.53061224489796
3300.0,3850.0,-14.285714285714285
20750.0,21600.0,-3.935185185185185
3600.0,5400.0,-33.33333333333333
11900.0,11550.0,3.0303030303030303
22000.0,22100.0,-0.4524886877828055
32800.0,32500.0,0.9230769230769231
11000.0,10450.0,5.263157894736842
19700.0,20600.0,-4.368932038834951
6600.0,6100.0,8.19672131147541
5600.0,5500.0,1.8181818181818181
5500.0,5025.0,9.45273631840796
20800.0,20300.0,2.4630541871921183
9200.0,8600.0,6.976744186046512
25000.0,21300.0,17.370892018779344
25600.0,24200.0,5.785123966942149
4650.0,5150.0,-9.70873786407767
11400.0,11150.0,2.242152466367713
16000.0,14350.0,11.498257839721255
16800.0,17000.0,-1.1764705882352942
26200.0,27300.0,-4.029304029304029
7400.0,7750.0,-4.516129032258064
17250.0,16350.0,5.5045871559633035
13600.0,13350.0,1.8726591760299627
18250.0,15600.0,16.98717948717949
12000.0,13550.0,-11.439114391143912
22500.0,20800.0,8.173076923076923
11900.0,12350.0,-3.643724696356275
5200.0,6300.0,-17.46031746031746
12600.0,11800.0,6.779661016949152
23000.0,21700.0,5.990783410138248
5000.0,4900.0,2.0408163265306123
5900.0,4400.0,34.090909090909086
16900.0,16100.0,4.968944099378882
11000.0,11100.0,-0.9009009009009009
8500.0,11100.0,-23.423423423423422
26500.0,24600.0,7.723577235772358
26200.0,25700.0,1.9455252918287937
900.0,3975.0,-77.35849056603774
13800.0,11500.0,20.0
11500.0,11600.0,-0.8620689655172413
13800.0,10750.0,28.37209302325581
3100.0,3650.0,-15.068493150684931
23000.0,24600.0,-6.504065040650407
28750.0,26700.0,7.677902621722846
21200.0,25800.0,-17.829457364341085
1600.0,1650.0,-3.0303030303030303
18500.0,22900.0,-19.213973799126638
10500.0,10200.0,2.941176470588235
22300.0,22500.0,-0.8888888888888888
14400.0,14500.0,-0.6896551724137931
2600.0,3500.0,-25.71428571428571
16700.0,16650.0,0.3003003003003003
23750.0,24100.0,-1.4522821576763485
6900.0,6150.0,12.195121951219512
1500.0,1025.0,46.34146341463415
5300.0,6275.0,-15.53784860557769
13400.0,13150.0,1.9011406844106464
9600.0,9225.0,4.0650406504065035
18000.0,16700.0,7.784431137724551
19500.0,20000.0,-2.5
4600.0,7525.0,-38.87043189368771
40000.0,40600.0,-1.477832512315271
11500.0,11750.0,-2.127659574468085
18500.0,17250.0,7.246376811594203
15300.0,15700.0,-2.547770700636943
19800.0,21300.0,-7.042253521126761
8500.0,9750.0,-12.82051282051282
13500.0,13350.0,1.1235955056179776
16300.0,16600.0,-1.8072289156626504
12100.0,11950.0,1.2552301255230125
8000.0,10550.0,-24.170616113744074
4200.0,3650.0,15.068493150684931
13900.0,13400.0,3.731343283582089
12500.0,12850.0,-2.7237354085603114
5800.0,5700.0,1.7543859649122806
23600.0,23300.0,1.2875536480686696
9400.0,10050.0,-6.467661691542288
8500.0,7400.0,14.864864864864865
21300.0,21300.0,0.0
16400.0,15600.0,5.128205128205128
4000.0,4400.0,-9.090909090909092
14100.0,13700.0,2.9197080291970803
5100.0,5625.0,-9.333333333333334
18500.0,19150.0,-3.3942558746736298
2200.0,2050.0,7.317073170731707
18700.0,19000.0,-1.5789473684210527
6500.0,7275.0,-10.652920962199312
11000.0,10250.0,7.317073170731707
14800.0,15000.0,-1.3333333333333335
5100.0,12500.0,-59.199999999999996
13700.0,13750.0,-0.36363636363636365
22600.0,22100.0,2.262443438914027
16300.0,16050.0,1.557632398753894
17700.0,18000.0,-1.6666666666666667
9000.0,8925.0,0.8403361344537815
17900.0,16450.0,8.814589665653495
6700.0,6475.0,3.474903474903475
31500.0,30300.0,3.9603960396039604
9800.0,10450.0,-6.220095693779904
21500.0,20800.0,3.3653846153846154
14600.0,14900.0,-2.013422818791946
17400.0,17600.0,-1.1363636363636365
5800.0,5175.0,12.077294685990339
11700.0,11000.0,6.363636363636363
7800.0,6775.0,15.129151291512915
3200.0,5425.0,-41.013824884792626
14750.0,13350.0,10.486891385767791
12100.0,12100.0,0.0
35000.0,34700.0,0.8645533141210375
12300.0,11900.0,3.361344537815126
14900.0,14450.0,3.1141868512110724
12500.0,12950.0,-3.474903474903475
8300.0,9075.0,-8.539944903581267
15300.0,14850.0,3.0303030303030303
21900.0,20900.0,4.784688995215311
21200.0,19650.0,7.888040712468193
12600.0,12800.0,-1.5625
1300.0,2350.0,-44.680851063829785
5600.0,7000.0,-20.0
47500.0,47900.0,-0.8350730688935281
6600.0,6575.0,0.38022813688212925
12800.0,12800.0,0.0
3300.0,3550.0,-7.042253521126761
1300.0,2475.0,-47.474747474747474
13000.0,14900.0,-12.751677852348994
23000.0,22600.0,1.7699115044247788
37200.0,35700.0,4.201680672268908
7100.0,7550.0,-5.960264900662252
19250.0,22000.0,-12.5
3350.0,5825.0,-42.48927038626609
14000.0,13550.0,3.3210332103321036
3900.0,3375.0,15.555555555555555
5500.0,5950.0,-7.563025210084033
31500.0,29100.0,8.24742268041237
29000.0,26100.0,11.11111111111111
29750.0,29900.0,-0.5016722408026756
14200.0,14650.0,-3.0716723549488054
12200.0,12850.0,-5.058365758754864
12500.0,12100.0,3.3057851239669422
18300.0,19500.0,-6.153846153846154
16000.0,15400.0,3.896103896103896
16700.0,12950.0,28.957528957528954
1800.0,1875.0,-4.0
4000.0,4375.0,-8.571428571428571
23750.0,22100.0,7.46606334841629
7900.0,8225.0,-3.951367781155015
12400.0,13300.0,-6.7669172932330826
10500.0,11350.0,-7.488986784140969
20400.0,18900.0,7.936507936507936
1300.0,4750.0,-72.63157894736842
31000.0,29500.0,5.084745762711865
14400.0,12850.0,12.062256809338521
14800.0,14450.0,2.422145328719723
17600.0,18350.0,-4.087193460490464
12100.0,11500.0,5.217391304347826
9400.0,8925.0,5.322128851540616
5000.0,9975.0,-49.87468671679198
18200.0,20300.0,-10.344827586206897
27000.0,23200.0,16.379310344827587
9500.0,9275.0,2.4258760107816713
8000.0,13900.0,-42.44604316546763
13000.0,12900.0,0.7751937984496124
23100.0,23800.0,-2.941176470588235
6100.0,6925.0,-11.913357400722022
15800.0,16100.0,-1.8633540372670807
8000.0,8000.0,0.0
17200.0,16550.0,3.927492447129909
23750.0,22900.0,3.711790393013101
3300.0,2750.0,20.0
7200.0,7375.0,-2.3728813559322033
14100.0,10200.0,38.23529411764706
15200.0,15000.0,1.3333333333333335
3100.0,3475.0,-10.79136690647482
650.0,875.0,-25.71428571428571
18200.0,18800.0,-3.1914893617021276
9200.0,7625.0,20.655737704918035
18000.0,14750.0,22.033898305084744
10600.0,11500.0,-7.82608695652174
11800.0,11300.0,4.424778761061947
8200.0,9025.0,-9.141274238227147
17200.0,17350.0,-0.8645533141210375
26400.0,26700.0,-1.1235955056179776
14750.0,13700.0,7.664233576642336
16900.0,16550.0,2.1148036253776437
18000.0,15300.0,17.647058823529413
2800.0,2425.0,15.463917525773196
3500.0,3275.0,6.870229007633588
22000.0,22700.0,-3.0837004405286343
19700.0,19150.0,2.8720626631853787
15000.0,14650.0,2.3890784982935154
13900.0,13400.0,3.731343283582089
12200.0,11850.0,2.9535864978902953
4200.0,3250.0,29.230769230769234
60750.0,59800.0,1.588628762541806
2700.0,3375.0,-20.0
12900.0,12600.0,2.380952380952381
18500.0,19600.0,-5.612244897959184
4300.0,3975.0,8.176100628930817
19750.0,17250.0,14.492753623188406
18200.0,20600.0,-11.650485436893204
11400.0,14350.0,-20.557491289198605
17100.0,16100.0,6.211180124223603
11200.0,11900.0,-5.88235294117647
13500.0,13850.0,-2.527075812274368
9800.0,8150.0,20.245398773006134
24300.0,25400.0,-4.330708661417323
22900.0,24400.0,-6.147540983606557
12800.0,12150.0,5.349794238683128
16900.0,16200.0,4.320987654320987
13900.0,13900.0,0.0
2000.0,2600.0,-23.076923076923077
27000.0,22800.0,18.421052631578945
5100.0,5775.0,-11.688311688311687
14700.0,14750.0,-0.3389830508474576
11100.0,10700.0,3.7383177570093453
15500.0,14400.0,7.638888888888889
21000.0,19900.0,5.527638190954774
21000.0,20100.0,4.477611940298507
11200.0,11100.0,0.9009009009009009
8000.0,9050.0,-11.602209944751381
12000.0,12450.0,-3.614457831325301
10700.0,11350.0,-5.726872246696035
22100.0,20800.0,6.25
2500.0,4225.0,-40.828402366863905
14000.0,13350.0,4.868913857677903
13500.0,13950.0,-3.225806451612903
6700.0,7200.0,-6.944444444444445
21500.0,20600.0,4.368932038834951
11700.0,11700.0,0.0
29200.0,25800.0,13.178294573643413
20000.0,20500.0,-2.4390243902439024
4600.0,4075.0,12.883435582822086
1500.0,1650.0,-9.090909090909092
10600.0,10800.0,-1.8518518518518516
9000.0,8900.0,1.1235955056179776
4000.0,4150.0,-3.614457831325301
10400.0,9700.0,7.216494845360824
36000.0,36700.0,-1.9073569482288828
30000.0,27900.0,7.526881720430108
19500.0,19100.0,2.094240837696335
12400.0,12550.0,-1.1952191235059761
16400.0,16250.0,0.9230769230769231
2100.0,3050.0,-31.147540983606557
3100.0,3125.0,-0.8
13800.0,12350.0,11.740890688259109
14800.0,14700.0,0.6802721088435374
12800.0,11350.0,12.77533039647577
12100.0,12100.0,0.0
10100.0,12100.0,-16.528925619834713
13900.0,13800.0,0.7246376811594203
13100.0,11950.0,9.623430962343097
10700.0,10900.0,-1.834862385321101
20600.0,20700.0,-0.4830917874396135
16000.0,15450.0,3.559870550161812
2400.0,3450.0,-30.434782608695656
8500.0,8625.0,-1.4492753623188406
8500.0,7700.0,10.38961038961039
10800.0,11650.0,-7.296137339055794
6700.0,6475.0,3.474903474903475
4000.0,4475.0,-10.614525139664805
2100.0,3175.0,-33.85826771653544
11200.0,11100.0,0.9009009009009009
8100.0,9900.0,-18.181818181818183
24500.0,25600.0,-4.296875
9200.0,7625.0,20.655737704918035
14000.0,17000.0,-17.647058823529413
8500.0,11350.0,-25.11013215859031
26000.0,31800.0,-18.238993710691823
3950.0,5175.0,-23.67149758454106
15600.0,15600.0,0.0
17400.0,16200.0,7.4074074074074066
9700.0,8300.0,16.867469879518072
14750.0,14650.0,0.6825938566552902
6700.0,10650.0,-37.08920187793427
21225.0,21200.0,0.1179245283018868
5700.0,5575.0,2.242152466367713
13000.0,13850.0,-6.137184115523466
10500.0,10500.0,0.0
12100.0,12250.0,-1.2244897959183674
32900.0,33200.0,-0.9036144578313252
30500.0,29400.0,3.741496598639456
14600.0,13900.0,5.0359712230215825
2700.0,2450.0,10.204081632653061
18200.0,19250.0,-5.454545454545454
12500.0,12850.0,-2.7237354085603114
7200.0,8600.0,-16.27906976744186
11500.0,11450.0,0.43668122270742354
14800.0,15700.0,-5.7324840764331215
14200.0,13950.0,1.7921146953405016
25000.0,24200.0,3.3057851239669422
13600.0,12250.0,11.020408163265307
3600.0,5150.0,-30.097087378640776
26500.0,27800.0,-4.676258992805756
5100.0,7825.0,-34.82428115015975
10500.0,10550.0,-0.47393364928909953
25750.0,25600.0,0.5859375
10200.0,8925.0,14.285714285714285
17100.0,17400.0,-1.7241379310344827
1700.0,725.0,134.48275862068965
10300.0,10950.0,-5.93607305936073
13200.0,12100.0,9.090909090909092
5700.0,8475.0,-32.743362831858406
25000.0,23800.0,5.042016806722689
27200.0,26100.0,4.21455938697318
4700.0,6000.0,-21.666666666666668
7800.0,6900.0,13.043478260869565
33200.0,32700.0,1.529051987767584
9400.0,8400.0,11.904761904761903
13000.0,12850.0,1.1673151750972763
11900.0,10100.0,17.82178217821782
7800.0,7100.0,9.859154929577464
5900.0,7525.0,-21.59468438538206
4000.0,5150.0,-22.330097087378643
750.0,875.0,-14.285714285714285
9500.0,8900.0,6.741573033707865
17400.0,19200.0,-9.375
19700.0,18900.0,4.232804232804233
11600.0,11450.0,1.3100436681222707
17400.0,17300.0,0.5780346820809248
13200.0,13300.0,-0.7518796992481203
28500.0,30100.0,-5.3156146179401995
13200.0,13250.0,-0.37735849056603776
11500.0,9725.0,18.251928020565554
15100.0,14300.0,5.594405594405594
4300.0,6150.0,-30.081300813008134
650.0,800.0,-18.75
53800.0,54700.0,-1.6453382084095063
13400.0,13400.0,0.0
19200.0,21200.0,-9.433962264150944
18900.0,18500.0,2.1621621621621623
1600.0,2175.0,-26.436781609195403
6000.0,6525.0,-8.045977011494253
19500.0,18650.0,4.557640750670242
12200.0,12500.0,-2.4
48000.0,47600.0,0.8403361344537815
10300.0,11950.0,-13.807531380753138
19400.0,19650.0,-1.2722646310432568
10900.0,11100.0,-1.8018018018018018
12500.0,12550.0,-0.398406374501992
14600.0,14050.0,3.9145907473309607
30600.0,31000.0,-1.2903225806451613
14100.0,14600.0,-3.4246575342465753
11400.0,10300.0,10.679611650485436
18200.0,16200.0,12.345679012345679
15200.0,15450.0,-1.6181229773462782
25000.0,24700.0,1.214574898785425
14400.0,15400.0,-6.493506493506493
15800.0,15900.0,-0.628930817610063
22500.0,22100.0,1.809954751131222
15250.0,11750.0,29.78723404255319
2250.0,5225.0,-56.9377990430622
1800.0,1425.0,26.31578947368421
17500.0,17550.0,-0.2849002849002849
9700.0,10700.0,-9.345794392523365
14900.0,15050.0,-0.9966777408637874
13500.0,11250.0,20.0
3400.0,3575.0,-4.895104895104895
14800.0,15550.0,-4.823151125401929
26300.0,27700.0,-5.054151624548736
23800.0,23500.0,1.276595744680851
2700.0,2100.0,28.57142857142857
12300.0,12100.0,1.6528925619834711
12900.0,12450.0,3.614457831325301
1800.0,4225.0,-57.396449704142015
15700.0,15650.0,0.3194888178913738
32200.0,34200.0,-5.847953216374268
7300.0,7975.0,-8.463949843260188
4100.0,2750.0,49.09090909090909
10100.0,11650.0,-13.304721030042918
10700.0,10950.0,-2.28310502283105
3600.0,3225.0,11.627906976744185
18500.0,19200.0,-3.6458333333333335
8400.0,9150.0,-8.19672131147541
11800.0,12300.0,-4.0650406504065035
23750.0,30100.0,-21.096345514950166
10200.0,14800.0,-31.08108108108108
22300.0,21900.0,1.82648401826484
14500.0,14900.0,-2.684563758389262
2900.0,2375.0,22.105263157894736
1100.0,6975.0,-84.22939068100358
19800.0,19450.0,1.7994858611825193
12000.0,12400.0,-3.225806451612903
19000.0,19000.0,0.0
12300.0,12550.0,-1.9920318725099602
14000.0,14050.0,-0.3558718861209964
26750.0,27200.0,-1.6544117647058825
6400.0,6500.0,-1.5384615384615385
11400.0,10900.0,4.587155963302752
19600.0,19600.0,0.0
33000.0,33000.0,0.0
18600.0,17650.0,5.382436260623229
8600.0,9650.0,-10.880829015544041
9900.0,11600.0,-14.655172413793101
12000.0,13250.0,-9.433962264150944
6500.0,5575.0,16.591928251121075
17100.0,23900.0,-28.451882845188287
7600.0,6650.0,14.285714285714285
5100.0,5500.0,-7.2727272727272725
13200.0,13050.0,1.1494252873563218
8700.0,8425.0,3.2640949554896146
2400.0,2525.0,-4.9504950495049505
8400.0,8275.0,1.5105740181268883
22000.0,22200.0,-0.9009009009009009
46500.0,46200.0,0.6493506493506493
18500.0,19750.0,-6.329113924050633
21400.0,22800.0,-6.140350877192982
38000.0,33000.0,15.151515151515152
900.0,875.0,2.857142857142857
30500.0,27400.0,11.313868613138686
29250.0,29900.0,-2.1739130434782608
11500.0,12550.0,-8.366533864541832
25800.0,26200.0,-1.5267175572519083
4800.0,6600.0,-27.27272727272727
41500.0,42000.0,-1.1904761904761905
8000.0,11650.0,-31.330472103004293
19500.0,19500.0,0.0
13200.0,12550.0,5.179282868525896
19600.0,19750.0,-0.7594936708860759
16400.0,15150.0,8.25082508250825
2900.0,3350.0,-13.432835820895523
12000.0,11250.0,6.666666666666667
3600.0,3450.0,4.3478260869565215
32000.0,34100.0,-6.158357771260997
26200.0,25600.0,2.34375
6400.0,5725.0,11.790393013100436
3900.0,3750.0,4.0
17100.0,16650.0,2.7027027027027026
13100.0,13000.0,0.7692307692307693
29400.0,26200.0,12.213740458015266
7500.0,10400.0,-27.884615384615387
13300.0,13550.0,-1.8450184501845017
12200.0,12600.0,-3.1746031746031744
9900.0,9350.0,5.88235294117647
7200.0,6875.0,4.7272727272727275
10200.0,9300.0,9.67741935483871
26800.0,26400.0,1.5151515151515151
6700.0,8500.0,-21.176470588235293
9300.0,11750.0,-20.851063829787233
18000.0,18500.0,-2.7027027027027026
7700.0,7050.0,9.219858156028367
13700.0,13050.0,4.980842911877394
7100.0,8025.0,-11.526479750778815
25750.0,24100.0,6.846473029045644
2000.0,1675.0,19.402985074626866
4600.0,4125.0,11.515151515151516
50000.0,51300.0,-2.53411306042885
1750.0,1875.0,-6.666666666666667
1200.0,1325.0,-9.433962264150944
46000.0,41200.0,11.650485436893204
19000.0,23200.0,-18.103448275862068
9600.0,7600.0,26.31578947368421
18000.0,17850.0,0.8403361344537815
21500.0,24800.0,-13.306451612903224
1250.0,1675.0,-25.37313432835821
3000.0,1500.0,100.0
5300.0,5000.0,6.0
37600.0,36600.0,2.73224043715847
14750.0,12800.0,15.234375
15750.0,16350.0,-3.669724770642202
7400.0,6975.0,6.093189964157706
3600.0,4250.0,-15.294117647058824
13700.0,12800.0,7.03125
24200.0,24000.0,0.8333333333333334
7900.0,8900.0,-11.235955056179774
27000.0,25400.0,6.299212598425196
21500.0,20700.0,3.864734299516908
3200.0,3575.0,-10.48951048951049
6300.0,6450.0,-2.3255813953488373
15100.0,13900.0,8.633093525179856
29900.0,31100.0,-3.858520900321544
12200.0,11800.0,3.389830508474576
8600.0,8550.0,0.5847953216374269
7300.0,6125.0,19.183673469387756
16000.0,15600.0,2.564102564102564
41000.0,41000.0,0.0
850.0,325.0,161.53846153846155
20700.0,21400.0,-3.2710280373831773
11500.0,11650.0,-1.2875536480686696
14000.0,13950.0,0.35842293906810035
25000.0,27200.0,-8.088235294117647
37600.0,37300.0,0.8042895442359249
11100.0,11100.0,0.0
13900.0,13650.0,1.8315018315018317
25200.0,24500.0,2.857142857142857
10400.0,10350.0,0.4830917874396135
11400.0,11350.0,0.4405286343612335
1300.0,1725.0,-24.637681159420293
1400.0,625.0,124.0
32000.0,35400.0,-9.6045197740113
6000.0,6925.0,-13.357400722021662
21600.0,21100.0,2.3696682464454977
12700.0,11250.0,12.88888888888889
5000.0,8125.0,-38.46153846153847
66500.0,64000.0,3.90625
10500.0,11450.0,-8.296943231441048
3700.0,3950.0,-6.329113924050633
14500.0,15000.0,-3.3333333333333335
11250.0,10250.0,9.75609756097561
1400.0,2025.0,-30.864197530864196
5200.0,4550.0,14.285714285714285
43600.0,39900.0,9.273182957393484
26300.0,27600.0,-4.710144927536232
5100.0,4175.0,22.15568862275449
11700.0,11900.0,-1.680672268907563
23700.0,24000.0,-1.25
17000.0,26900.0,-36.80297397769517
17800.0,15950.0,11.598746081504702
12600.0,12500.0,0.8
27200.0,26100.0,4.21455938697318
2000.0,1425.0,40.35087719298245
5000.0,4075.0,22.699386503067483
4000.0,6100.0,-34.42622950819672
10750.0,9600.0,11.979166666666668
11500.0,10950.0,5.0228310502283104
22900.0,23200.0,-1.293103448275862
36000.0,36600.0,-1.639344262295082
1600.0,1950.0,-17.94871794871795
6700.0,6325.0,5.928853754940711
14600.0,14150.0,3.180212014134275
15000.0,16000.0,-6.25
15200.0,13400.0,13.432835820895523
24400.0,23100.0,5.627705627705628
1000.0,1100.0,-9.090909090909092
15750.0,15800.0,-0.31645569620253167
12000.0,11050.0,8.597285067873303
23250.0,23500.0,-1.0638297872340425
1500.0,1850.0,-18.91891891891892
13700.0,12950.0,5.7915057915057915
3500.0,4300.0,-18.6046511627907
16700.0,15200.0,9.868421052631579
9500.0,9200.0,3.260869565217391
14700.0,14400.0,2.083333333333333
14800.0,15400.0,-3.896103896103896
4500.0,4225.0,6.508875739644971
13300.0,11700.0,13.675213675213676
8400.0,8850.0,-5.084745762711865
14000.0,13000.0,7.6923076923076925
17000.0,17300.0,-1.7341040462427744
2200.0,1900.0,15.789473684210526
25900.0,24900.0,4.016064257028113
6900.0,8875.0,-22.253521126760564
17700.0,14950.0,18.394648829431436
4000.0,3650.0,9.58904109589041
7700.0,7750.0,-0.6451612903225806
3500.0,3550.0,-1.4084507042253522
26900.0,27300.0,-1.465201465201465
16900.0,17350.0,-2.5936599423631126
18600.0,19150.0,-2.8720626631853787
4100.0,6575.0,-37.6425855513308
9700.0,10200.0,-4.901960784313726
23700.0,23800.0,-0.42016806722689076
6000.0,5925.0,1.2658227848101267
17000.0,17400.0,-2.2988505747126435
10900.0,12750.0,-14.50980392156863
21500.0,19350.0,11.11111111111111
10700.0,10100.0,5.9405940594059405
17400.0,17100.0,1.7543859649122806
13600.0,12500.0,8.799999999999999
5200.0,5300.0,-1.8867924528301887
3500.0,5000.0,-30.0
9400.0,9850.0,-4.568527918781726
11600.0,11700.0,-0.8547008547008548
17800.0,17450.0,2.005730659025788
9150.0,9925.0,-7.8085642317380355
14400.0,14150.0,1.76678445229682
6600.0,5650.0,16.8141592920354
3000.0,5225.0,-42.58373205741627
17100.0,16800.0,1.7857142857142856
14200.0,14750.0,-3.728813559322034
19000.0,19900.0,-4.522613065326634
37500.0,38900.0,-3.5989717223650386
17900.0,17350.0,3.170028818443804
12500.0,9800.0,27.55102040816326
22000.0,22000.0,0.0
10800.0,12250.0,-11.83673469387755
19300.0,17600.0,9.659090909090908
9100.0,7750.0,17.419354838709676
9600.0,11750.0,-18.29787234042553
31000.0,32700.0,-5.198776758409786
8500.0,8450.0,0.591715976331361
13800.0,13850.0,-0.36101083032490977
13500.0,9925.0,36.02015113350126
22400.0,24500.0,-8.571428571428571
1200.0,1725.0,-30.434782608695656
19100.0,20900.0,-8.61244019138756
16900.0,16450.0,2.735562310030395
10000.0,9550.0,4.712041884816754
8900.0,8500.0,4.705882352941177
13800.0,14350.0,-3.8327526132404177
17800.0,18850.0,-5.570291777188329
11400.0,11150.0,2.242152466367713
22800.0,21300.0,7.042253521126761
16000.0,17450.0,-8.30945558739255
9000.0,6650.0,35.338345864661655
8200.0,6700.0,22.388059701492537
1300.0,2250.0,-42.22222222222222
12800.0,12700.0,0.7874015748031495
15000.0,17750.0,-15.492957746478872
2650.0,1500.0,76.66666666666667
12100.0,12150.0,-0.411522633744856
9600.0,11250.0,-14.666666666666666
34500.0,34600.0,-0.2890173410404624
12000.0,12200.0,-1.639344262295082
24800.0,27100.0,-8.487084870848708
5400.0,6100.0,-11.475409836065573
2300.0,1975.0,16.455696202531644
21400.0,26100.0,-18.007662835249043
12800.0,11650.0,9.871244635193133
20700.0,23500.0,-11.914893617021278
11600.0,11500.0,0.8695652173913043
23300.0,22800.0,2.1929824561403506
12700.0,13050.0,-2.681992337164751
10500.0,9200.0,14.130434782608695
4600.0,6275.0,-26.693227091633464
29500.0,27600.0,6.884057971014493
13500.0,10700.0,26.168224299065418
4650.0,4600.0,1.0869565217391304
3200.0,3625.0,-11.724137931034482
10201.0,12850.0,-20.6147859922179
22400.0,21500.0,4.186046511627907
8800.0,10550.0,-16.587677725118482
14100.0,15700.0,-10.191082802547772
12700.0,10850.0,17.050691244239633
11500.0,11200.0,2.6785714285714284
8000.0,8575.0,-6.705539358600583
16100.0,15650.0,2.8753993610223643
24100.0,24700.0,-2.42914979757085
3500.0,4200.0,-16.666666666666664
39100.0,38800.0,0.7731958762886598
15700.0,15350.0,2.2801302931596092
16500.0,16250.0,1.5384615384615385
11300.0,10850.0,4.147465437788019
1400.0,2250.0,-37.77777777777778
6400.0,4700.0,36.17021276595745
5600.0,6650.0,-15.789473684210526
22200.0,22200.0,0.0
9600.0,9350.0,2.6737967914438503
9000.0,9175.0,-1.9073569482288828
2200.0,2300.0,-4.3478260869565215
3000.0,4600.0,-34.78260869565217
6300.0,6600.0,-4.545454545454546
3300.0,4550.0,-27.472527472527474
39250.0,46400.0,-15.40948275862069
14300.0,14450.0,-1.0380622837370241
12600.0,12850.0,-1.9455252918287937
13500.0,14150.0,-4.593639575971731
11300.0,14600.0,-22.602739726027394
14600.0,12000.0,21.666666666666668
13900.0,14850.0,-6.397306397306397
8400.0,8550.0,-1.7543859649122806
25000.0,23900.0,4.602510460251046
1700.0,1925.0,-11.688311688311687
5300.0,6975.0,-24.014336917562723
5300.0,4950.0,7.07070707070707
14200.0,13500.0,5.185185185185185
13401.0,13400.0,0.007462686567164179
18000.0,16150.0,11.455108359133128
14200.0,14650.0,-3.0716723549488054
20400.0,18750.0,8.799999999999999
18000.0,18800.0,-4.25531914893617
19000.0,17900.0,6.145251396648044
21400.0,21100.0,1.4218009478672986
24000.0,23600.0,1.694915254237288
3200.0,2350.0,36.17021276595745
24500.0,26100.0,-6.130268199233716
10000.0,9200.0,8.695652173913043
18800.0,19900.0,-5.527638190954774
13800.0,14000.0,-1.4285714285714286
33000.0,30700.0,7.491856677524431
900.0,3300.0,-72.72727272727273
16900.0,18850.0,-10.344827586206897
10800.0,11350.0,-4.845814977973569
5100.0,6000.0,-15.0
33500.0,36300.0,-7.7134986225895315
13500.0,14150.0,-4.593639575971731
11800.0,11350.0,3.9647577092511015
35250.0,32000.0,10.15625
4100.0,2475.0,65.65656565656566
7700.0,8125.0,-5.230769230769231
2400.0,1100.0,118.18181818181819
21200.0,22300.0,-4.932735426008969
29500.0,29500.0,0.0
8600.0,7800.0,10.256410256410255
600.0,2475.0,-75.75757575757575
10400.0,11700.0,-11.11111111111111
4600.0,3625.0,26.89655172413793
17250.0,17650.0,-2.26628895184136
15000.0,13550.0,10.70110701107011
24000.0,22800.0,5.263157894736842
12300.0,15700.0,-21.656050955414013
14000.0,14800.0,-5.405405405405405
8700.0,10500.0,-17.142857142857142
6900.0,6900.0,0.0
25800.0,23200.0,11.206896551724139
11000.0,11950.0,-7.949790794979079
13250.0,13250.0,0.0
7600.0,10950.0,-30.59360730593607
17200.0,17650.0,-2.5495750708215295
8400.0,8175.0,2.7522935779816518
3300.0,2250.0,46.666666666666664
17250.0,15750.0,9.523809523809524
23100.0,22400.0,3.125
15700.0,17000.0,-7.647058823529412
9100.0,8375.0,8.656716417910449
2400.0,2925.0,-17.94871794871795
6300.0,8325.0,-24.324324324324326
10300.0,10750.0,-4.186046511627907
8900.0,11750.0,-24.25531914893617
4200.0,5250.0,-20.0
8500.0,8000.0,6.25
19100.0,20800.0,-8.173076923076923
16100.0,13050.0,23.371647509578544
18400.0,16550.0,11.178247734138973
8400.0,8750.0,-4.0
1150.0,650.0,76.92307692307693
22100.0,21400.0,3.2710280373831773
20500.0,21100.0,-2.843601895734597
5500.0,9175.0,-40.05449591280654
1400.0,1750.0,-20.0
12900.0,14400.0,-10.416666666666668
5500.0,8100.0,-32.098765432098766
9600.0,9400.0,2.127659574468085
4500.0,9375.0,-52.0
29200.0,28100.0,3.9145907473309607
14600.0,15750.0,-7.301587301587302
4200.0,3775.0,11.258278145695364
13700.0,14300.0,-4.195804195804196
9250.0,8075.0,14.551083591331269
9500.0,9175.0,3.5422343324250685
4400.0,3500.0,25.71428571428571
6400.0,4950.0,29.292929292929294
10200.0,9725.0,4.884318766066838
4850.0,5050.0,-3.9603960396039604
9100.0,9300.0,-2.1505376344086025
20200.0,19200.0,5.208333333333334
15200.0,13900.0,9.352517985611511
12100.0,12200.0,-0.819672131147541
7800.0,7825.0,-0.3194888178913738
5100.0,4850.0,5.154639175257731
3500.0,2350.0,48.93617021276596
28700.0,29900.0,-4.013377926421405
7200.0,13750.0,-47.63636363636364
6100.0,7850.0,-22.29299363057325
8400.0,10300.0,-18.446601941747574
16500.0,16250.0,1.5384615384615385
5600.0,5850.0,-4.273504273504273
17500.0,16150.0,8.359133126934983
10900.0,10750.0,1.3953488372093024
17000.0,16350.0,3.9755351681957185
18600.0,18700.0,-0.53475935828877
14800.0,16150.0,-8.359133126934983
20500.0,19100.0,7.329842931937172
13100.0,12550.0,4.382470119521913
25900.0,26000.0,-0.38461538461538464
8900.0,7750.0,14.838709677419354
21200.0,21200.0,0.0
17800.0,18450.0,-3.523035230352303
3500.0,2500.0,40.0
21200.0,21500.0,-1.3953488372093024
11500.0,11200.0,2.6785714285714284
40400.0,35000.0,15.428571428571427
4400.0,3100.0,41.935483870967744
27600.0,29000.0,-4.827586206896552
7400.0,9000.0,-17.77777777777778
24100.0,24800.0,-2.82258064516129
800.0,1775.0,-54.929577464788736
23500.0,22700.0,3.524229074889868
2300.0,2600.0,-11.538461538461538
10000.0,8600.0,16.27906976744186
11500.0,10650.0,7.981220657276995
15200.0,17350.0,-12.39193083573487
46000.0,41400.0,11.11111111111111
16900.0,16350.0,3.3639143730886847
6500.0,6475.0,0.3861003861003861
30500.0,31400.0,-2.8662420382165608
4300.0,2650.0,62.264150943396224
17200.0,17350.0,-0.8645533141210375
5000.0,5400.0,-7.4074074074074066
20000.0,21500.0,-6.976744186046512
31000.0,36400.0,-14.835164835164836
4500.0,4950.0,-9.090909090909092
11500.0,11050.0,4.072398190045249
9000.0,11350.0,-20.704845814977972
11400.0,11250.0,1.3333333333333335
11800.0,11550.0,2.1645021645021645
800.0,2425.0,-67.0103092783505
20400.0,19450.0,4.884318766066838
13600.0,16800.0,-19.047619047619047
1950.0,2100.0,-7.142857142857142
11800.0,10250.0,15.121951219512194
15800.0,15050.0,4.983388704318937
3000.0,3150.0,-4.761904761904762
12200.0,11900.0,2.5210084033613445
700.0,800.0,-12.5
21000.0,15700.0,33.75796178343949
10000.0,10300.0,-2.912621359223301
9800.0,10850.0,-9.67741935483871
43000.0,43000.0,0.0
19000.0,20100.0,-5.472636815920398
13000.0,13250.0,-1.8867924528301887
4400.0,3950.0,11.39240506329114
2600.0,2400.0,8.333333333333332
22200.0,22500.0,-1.3333333333333335
23900.0,21300.0,12.206572769953052
17200.0,16550.0,3.927492447129909
2900.0,4950.0,-41.41414141414141
1700.0,1450.0,17.24137931034483
9500.0,8300.0,14.457831325301203
23800.0,25900.0,-8.108108108108109
20700.0,20800.0,-0.4807692307692308
9400.0,7250.0,29.655172413793103
10300.0,10400.0,-0.9615384615384616
6200.0,6925.0,-10.469314079422382
8500.0,9400.0,-9.574468085106384
10800.0,11750.0,-8.085106382978724
16100.0,15750.0,2.2222222222222223
16100.0,14000.0,15.0
13200.0,12700.0,3.937007874015748
8400.0,8075.0,4.024767801857585
10800.0,11650.0,-7.296137339055794
8500.0,7425.0,14.47811447811448
20700.0,20700.0,0.0
20600.0,19200.0,7.291666666666667
2000.0,5725.0,-65.06550218340611
10900.0,10850.0,0.4608294930875576
12500.0,14900.0,-16.10738255033557
2300.0,2950.0,-22.033898305084744
7900.0,7275.0,8.59106529209622
17500.0,17300.0,1.1560693641618496
24500.0,27000.0,-9.25925925925926
22000.0,23000.0,-4.3478260869565215
16200.0,16350.0,-0.9174311926605505
14400.0,13650.0,5.4945054945054945
3000.0,3475.0,-13.66906474820144
11700.0,11750.0,-0.425531914893617
6250.0,7825.0,-20.12779552715655
5300.0,5025.0,5.472636815920398
10800.0,23800.0,-54.621848739495796
4000.0,3475.0,15.107913669064748
12300.0,12100.0,1.6528925619834711
19400.0,21300.0,-8.92018779342723
38200.0,34700.0,10.086455331412104
13400.0,12850.0,4.280155642023346
15500.0,15450.0,0.3236245954692557
31750.0,33100.0,-4.078549848942599
1200.0,950.0,26.31578947368421
6100.0,6825.0,-10.622710622710622
1400.0,1825.0,-23.28767123287671
4800.0,2700.0,77.77777777777779
15000.0,13400.0,11.940298507462686
12100.0,11350.0,6.607929515418502
24500.0,21700.0,12.903225806451612
10100.0,9825.0,2.7989821882951653
30250.0,30700.0,-1.4657980456026058
500.0,575.0,-13.043478260869565
2000.0,2025.0,-1.2345679012345678
40100.0,45500.0,-11.868131868131867
5000.0,4950.0,1.0101010101010102
13900.0,14250.0,-2.456140350877193
8100.0,9250.0,-12.432432432432433
15500.0,14950.0,3.678929765886288
27000.0,27500.0,-1.8181818181818181
12400.0,14500.0,-14.482758620689657
20000.0,19900.0,0.5025125628140703
12800.0,12700.0,0.7874015748031495
9500.0,8650.0,9.826589595375722
35750.0,35900.0,-0.4178272980501393
18200.0,16900.0,7.6923076923076925
12200.0,13200.0,-7.575757575757576
21250.0,22400.0,-5.133928571428571
3300.0,2425.0,36.08247422680412
28400.0,26900.0,5.5762081784386615
2300.0,2850.0,-19.298245614035086
2000.0,1625.0,23.076923076923077
11300.0,10300.0,9.70873786407767
29200.0,29000.0,0.6896551724137931
16600.0,16200.0,2.4691358024691357
8200.0,7325.0,11.945392491467576
1400.0,1250.0,12.0
2300.0,4600.0,-50.0
3600.0,5025.0,-28.35820895522388
23700.0,26000.0,-8.846153846153847
9200.0,10400.0,-11.538461538461538
2700.0,2350.0,14.893617021276595
4700.0,3600.0,30.555555555555557
20300.0,19850.0,2.2670025188916876
5500.0,4375.0,25.71428571428571
5300.0,5725.0,-7.423580786026202
17300.0,16800.0,2.976190476190476
13600.0,14350.0,-5.2264808362369335
15200.0,13100.0,16.030534351145036
12200.0,11850.0,2.9535864978902953
9200.0,11700.0,-21.367521367521366
16200.0,18150.0,-10.743801652892563
22000.0,21300.0,3.286384976525822
12600.0,12650.0,-0.3952569169960474
5000.0,5100.0,-1.9607843137254901
2800.0,2250.0,24.444444444444443
11800.0,12800.0,-7.8125
30500.0,31600.0,-3.481012658227848
3700.0,5300.0,-30.18867924528302
13400.0,12650.0,5.928853754940711
10900.0,14750.0,-26.101694915254235
20000.0,20900.0,-4.30622009569378
1600.0,3050.0,-47.540983606557376
22600.0,21900.0,3.1963470319634704
18200.0,19950.0,-8.771929824561402
4500.0,4825.0,-6.7357512953367875
12801.0,13500.0,-5.177777777777778
3800.0,6625.0,-42.64150943396226
4700.0,6125.0,-23.26530612244898
14000.0,13550.0,3.3210332103321036
3850.0,3875.0,-0.6451612903225806
14900.0,15000.0,-0.6666666666666667
17200.0,17450.0,-1.4326647564469914
12700.0,13450.0,-5.5762081784386615
1900.0,1575.0,20.634920634920633
9800.0,10250.0,-4.390243902439024
5500.0,2775.0,98.1981981981982
23400.0,21700.0,7.834101382488479
22400.0,21600.0,3.7037037037037033
19200.0,16800.0,14.285714285714285
8700.0,11900.0,-26.89075630252101
6000.0,4125.0,45.45454545454545
2000.0,2700.0,-25.925925925925924
12000.0,12600.0,-4.761904761904762
23800.0,25700.0,-7.392996108949417
10600.0,7750.0,36.774193548387096
34400.0,34400.0,0.0
16600.0,17400.0,-4.597701149425287
18700.0,20400.0,-8.333333333333332
8300.0,5875.0,41.27659574468085
15200.0,15700.0,-3.1847133757961785
4500.0,3575.0,25.874125874125873
18100.0,18600.0,-2.6881720430107525
4200.0,4025.0,4.3478260869565215
23300.0,25700.0,-9.33852140077821
19700.0,18400.0,7.065217391304348
10200.0,10450.0,-2.3923444976076556
18400.0,19100.0,-3.664921465968586
11500.0,11700.0,-1.7094017094017095
9800.0,10600.0,-7.547169811320755
5700.0,4975.0,14.572864321608039
20600.0,18800.0,9.574468085106384
2900.0,4650.0,-37.634408602150536
900.0,1925.0,-53.246753246753244
11200.0,10250.0,9.268292682926829
1700.0,1700.0,0.0
9800.0,9800.0,0.0
9200.0,9625.0,-4.415584415584416
700.0,950.0,-26.31578947368421
13000.0,13550.0,-4.059040590405904
11900.0,11700.0,1.7094017094017095
16000.0,18300.0,-12.568306010928962
36000.0,18600.0,93.54838709677419
10500.0,9600.0,9.375
32500.0,32000.0,1.5625
18300.0,18500.0,-1.0810810810810811
8400.0,7575.0,10.891089108910892
12100.0,12500.0,-3.2
8100.0,6375.0,27.058823529411764
7300.0,6975.0,4.659498207885305
9300.0,8275.0,12.386706948640484
12100.0,11950.0,1.2552301255230125
17000.0,17200.0,-1.1627906976744187
21400.0,21200.0,0.9433962264150944
17250.0,19750.0,-12.658227848101266
12500.0,14350.0,-12.89198606271777
6100.0,6475.0,-5.7915057915057915
1500.0,3925.0,-61.78343949044586
21900.0,22900.0,-4.366812227074235
10200.0,9900.0,3.0303030303030303
20800.0,20800.0,0.0
28400.0,28500.0,-0.3508771929824561
1600.0,2075.0,-22.89156626506024
1500.0,1325.0,13.20754716981132
22400.0,20800.0,7.6923076923076925
3800.0,3425.0,10.948905109489052
11800.0,10700.0,10.2803738317757
9300.0,9600.0,-3.125
17400.0,18600.0,-6.451612903225806
17250.0,17850.0,-3.361344537815126
24300.0,23100.0,5.194805194805195
17700.0,15700.0,12.738853503184714
6000.0,5900.0,1.694915254237288
3000.0,4500.0,-33.33333333333333
37500.0,33300.0,12.612612612612612
11200.0,11900.0,-5.88235294117647
28800.0,26300.0,9.505703422053232
13700.0,14200.0,-3.5211267605633805
28750.0,25000.0,15.0
11700.0,11400.0,2.631578947368421
21750.0,23200.0,-6.25
18600.0,19400.0,-4.123711340206185
23200.0,23500.0,-1.276595744680851
1650.0,1675.0,-1.4925373134328357
6500.0,6050.0,7.43801652892562
14100.0,14350.0,-1.7421602787456445
16900.0,16850.0,0.2967359050445104
7900.0,8025.0,-1.557632398753894
13200.0,13000.0,1.5384615384615385
1300.0,2500.0,-48.0
18000.0,19050.0,-5.511811023622047
11900.0,10850.0,9.67741935483871
11800.0,14250.0,-17.192982456140353
19600.0,20200.0,-2.9702970297029703
8700.0,8750.0,-0.5714285714285714
10900.0,12350.0,-11.740890688259109
700.0,575.0,21.73913043478261
12200.0,11950.0,2.092050209205021
8400.0,7175.0,17.073170731707318
11400.0,11100.0,2.7027027027027026
7000.0,7150.0,-2.097902097902098
18300.0,18600.0,-1.6129032258064515
14000.0,13800.0,1.4492753623188406
2800.0,1850.0,51.35135135135135
6000.0,7075.0,-15.19434628975265
2600.0,4250.0,-38.82352941176471
11300.0,10950.0,3.1963470319634704
16500.0,17350.0,-4.899135446685879
24600.0,23300.0,5.579399141630901
1100.0,1375.0,-20.0
3700.0,4875.0,-24.102564102564102
1400.0,1225.0,14.285714285714285
2400.0,4275.0,-43.859649122807014
5000.0,4550.0,9.89010989010989
5400.0,4725.0,14.285714285714285
21000.0,21600.0,-2.7777777777777777
21250.0,21000.0,1.1904761904761905
35800.0,35000.0,2.2857142857142856
8000.0,8050.0,-0.6211180124223602
4800.0,4275.0,12.280701754385964
13800.0,14150.0,-2.4734982332155475
12800.0,13750.0,-6.909090909090909
4000.0,4175.0,-4.191616766467066
7900.0,7650.0,3.2679738562091507
9300.0,11250.0,-17.333333333333336
8400.0,8625.0,-2.608695652173913
23200.0,22600.0,2.6548672566371683
6500.0,15250.0,-57.377049180327866
9200.0,9450.0,-2.6455026455026456
11200.0,12950.0,-13.513513513513514
1600.0,1750.0,-8.571428571428571
5600.0,3575.0,56.64335664335665
11100.0,11750.0,-5.531914893617021
10300.0,10600.0,-2.8301886792452833
16200.0,16000.0,1.25
11500.0,9175.0,25.340599455040874
13600.0,13350.0,1.8726591760299627
10100.0,10650.0,-5.164319248826291
28900.0,33400.0,-13.47305389221557
3400.0,2075.0,63.85542168674698
16800.0,17200.0,-2.3255813953488373
12400.0,13200.0,-6.0606060606060606
57500.0,54700.0,5.118829981718465
13300.0,15100.0,-11.920529801324504
25000.0,24100.0,3.7344398340248963
16000.0,14250.0,12.280701754385964
6100.0,3550.0,71.83098591549296
3400.0,1375.0,147.27272727272725
6300.0,7175.0,-12.195121951219512
14100.0,13400.0,5.223880597014925
2700.0,7925.0,-65.93059936908517
16000.0,13950.0,14.695340501792115
13000.0,12300.0,5.691056910569105
7200.0,7600.0,-5.263157894736842
18100.0,20100.0,-9.950248756218906
500.0,2175.0,-77.01149425287356
27700.0,26800.0,3.3582089552238807
700.0,2250.0,-68.88888888888889
9400.0,10750.0,-12.558139534883722
19500.0,22000.0,-11.363636363636363
1500.0,1625.0,-7.6923076923076925
7300.0,6075.0,20.16460905349794
45000.0,46500.0,-3.225806451612903
5400.0,6350.0,-14.960629921259844
6250.0,12250.0,-48.97959183673469
27500.0,27800.0,-1.079136690647482
10000.0,9350.0,6.951871657754011
1800.0,1775.0,1.4084507042253522
1600.0,2175.0,-26.436781609195403
24300.0,24600.0,-1.2195121951219512
2200.0,2150.0,2.3255813953488373
3600.0,3900.0,-7.6923076923076925
17300.0,18600.0,-6.989247311827956
27000.0,26100.0,3.4482758620689653
2850.0,2875.0,-0.8695652173913043
1300.0,2050.0,-36.58536585365854
13700.0,13650.0,0.3663003663003663
12000.0,10500.0,14.285714285714285
11900.0,14800.0,-19.594594594594593
19600.0,20300.0,-3.4482758620689653
22900.0,24400.0,-6.147540983606557
20600.0,21800.0,-5.5045871559633035
5100.0,4525.0,12.70718232044199
1500.0,1650.0,-9.090909090909092
27250.0,25800.0,5.62015503875969
11700.0,11300.0,3.5398230088495577
33750.0,30300.0,11.386138613861387
3800.0,4475.0,-15.083798882681565
9300.0,8600.0,8.13953488372093
5000.0,18400.0,-72.82608695652173
6500.0,5475.0,18.72146118721461
1500.0,2300.0,-34.78260869565217
23500.0,26500.0,-11.320754716981133
34600.0,35600.0,-2.8089887640449436
12300.0,13350.0,-7.865168539325842
10000.0,10100.0,-0.9900990099009901
3000.0,2500.0,20.0
3400.0,4975.0,-31.65829145728643
12200.0,11900.0,2.5210084033613445
25000.0,26400.0,-5.303030303030303
19600.0,20900.0,-6.220095693779904
8000.0,9275.0,-13.746630727762804
6800.0,5550.0,22.52252252252252
35600.0,32500.0,9.538461538461538
13400.0,12550.0,6.772908366533864
11900.0,9825.0,21.119592875318066
3300.0,3325.0,-0.7518796992481203
25000.0,25900.0,-3.474903474903475
14000.0,15600.0,-10.256410256410255
17900.0,19300.0,-7.253886010362693
8200.0,6400.0,28.125
15900.0,16000.0,-0.625
12400.0,12150.0,2.05761316872428
1800.0,1500.0,20.0
2100.0,1950.0,7.6923076923076925
17600.0,17150.0,2.623906705539359
2000.0,4125.0,-51.515151515151516
23600.0,22300.0,5.829596412556054
6000.0,6525.0,-8.045977011494253
7600.0,7975.0,-4.702194357366771
12400.0,12800.0,-3.125
5800.0,6450.0,-10.077519379844961
9200.0,8025.0,14.641744548286603
23400.0,22500.0,4.0
6800.0,6225.0,9.236947791164658
20000.0,19500.0,2.564102564102564
8600.0,9525.0,-9.711286089238845
12400.0,10950.0,13.24200913242009
4900.0,5400.0,-9.25925925925926
20000.0,19950.0,0.2506265664160401
23100.0,22600.0,2.2123893805309733
23700.0,23600.0,0.423728813559322
12000.0,12050.0,-0.4149377593360996
23000.0,25800.0,-10.852713178294573
13600.0,14400.0,-5.555555555555555
17200.0,24600.0,-30.081300813008134
10300.0,11800.0,-12.711864406779661
19300.0,18700.0,3.2085561497326207
22300.0,20700.0,7.729468599033816
36000.0,32900.0,9.422492401215806
11500.0,11900.0,-3.361344537815126
30250.0,31500.0,-3.968253968253968
16000.0,15250.0,4.918032786885246
29000.0,28500.0,1.7543859649122806
4100.0,3850.0,6.493506493506493
800.0,1250.0,-36.0
10300.0,10000.0,3.0
12200.0,17700.0,-31.07344632768362
14700.0,18200.0,-19.230769230769234
10000.0,7475.0,33.77926421404682
18500.0,18000.0,2.7777777777777777
3100.0,4900.0,-36.734693877551024
15750.0,13250.0,18.867924528301888
17800.0,18450.0,-3.523035230352303
13700.0,12800.0,7.03125
18100.0,17950.0,0.8356545961002786
9600.0,8975.0,6.963788300835655
4800.0,4375.0,9.714285714285714
9200.0,8375.0,9.850746268656717
15000.0,16350.0,-8.256880733944955
650.0,1450.0,-55.172413793103445
23200.0,22100.0,4.97737556561086
14200.0,13550.0,4.797047970479705
10200.0,9775.0,4.3478260869565215
10800.0,9900.0,9.090909090909092
1300.0,875.0,48.57142857142857
16800.0,16350.0,2.7522935779816518
14000.0,13450.0,4.089219330855019
14000.0,14600.0,-4.10958904109589
16600.0,17050.0,-2.6392961876832843
15200.0,13900.0,9.352517985611511
17800.0,19550.0,-8.951406649616368
15000.0,18800.0,-20.212765957446805
26600.0,25100.0,5.9760956175298805
8700.0,8375.0,3.880597014925373
9500.0,8950.0,6.145251396648044
7900.0,7525.0,4.983388704318937
13400.0,12150.0,10.2880658436214
12000.0,12900.0,-6.976744186046512
1350.0,3250.0,-58.46153846153847
6500.0,7125.0,-8.771929824561402
25700.0,26800.0,-4.104477611940299
10500.0,12850.0,-18.28793774319066
13700.0,14100.0,-2.8368794326241136
2000.0,9450.0,-78.83597883597884
12100.0,13100.0,-7.633587786259542
4800.0,4925.0,-2.5380710659898478
29000.0,28100.0,3.202846975088968
2800.0,3850.0,-27.27272727272727
10000.0,11150.0,-10.31390134529148
11500.0,12400.0,-7.258064516129033
13000.0,12800.0,1.5625
2600.0,3300.0,-21.21212121212121
5400.0,7800.0,-30.76923076923077
11800.0,11200.0,5.357142857142857
10200.0,10600.0,-3.7735849056603774
1200.0,4500.0,-73.33333333333333
2800.0,5525.0,-49.321266968325794
21750.0,22600.0,-3.761061946902655
18000.0,17400.0,3.4482758620689653
850.0,1250.0,-32.0
10600.0,10500.0,0.9523809523809524
6700.0,8625.0,-22.318840579710145
26800.0,28400.0,-5.633802816901409
10700.0,12100.0,-11.570247933884298
14300.0,14400.0,-0.6944444444444444
15800.0,14650.0,7.849829351535837
4500.0,5675.0,-20.704845814977972
7000.0,5950.0,17.647058823529413
10300.0,9575.0,7.5718015665796345
30600.0,29400.0,4.081632653061225
24600.0,24500.0,0.40816326530612246
5100.0,6275.0,-18.725099601593627
10700.0,9425.0,13.527851458885943
8100.0,8875.0,-8.732394366197182
94000.0,96000.0,-2.083333333333333
12600.0,12550.0,0.398406374501992
6500.0,4575.0,42.07650273224044
20800.0,20900.0,-0.4784688995215311
20700.0,21900.0,-5.47945205479452
19900.0,21000.0,-5.238095238095238
25900.0,24800.0,4.435483870967742
16500.0,18000.0,-8.333333333333332
18500.0,17950.0,3.064066852367688
16600.0,16500.0,0.6060606060606061
31700.0,29900.0,6.0200668896321075
12100.0,12600.0,-3.968253968253968
2700.0,2000.0,35.0
11200.0,11500.0,-2.608695652173913
1000.0,3750.0,-73.33333333333333
1100.0,2450.0,-55.10204081632652
5300.0,8050.0,-34.161490683229815
4100.0,4125.0,-0.6060606060606061
18800.0,19150.0,-1.8276762402088773
9100.0,9650.0,-5.699481865284974
13700.0,14150.0,-3.180212014134275
16400.0,18500.0,-11.351351351351353
12100.0,11750.0,2.9787234042553195
17250.0,16000.0,7.8125
10600.0,10200.0,3.9215686274509802
21000.0,21500.0,-2.3255813953488373
15100.0,16150.0,-6.5015479876160995
19400.0,18800.0,3.1914893617021276
12100.0,12450.0,-2.8112449799196786
8100.0,9850.0,-17.766497461928935
19000.0,17400.0,9.195402298850574
25000.0,22500.0,11.11111111111111
13700.0,13600.0,0.7352941176470588
4800.0,5500.0,-12.727272727272727
9000.0,14800.0,-39.189189189189186
25000.0,23900.0,4.602510460251046
1350.0,2000.0,-32.5
3700.0,1600.0,131.25
9300.0,12800.0,-27.34375
3400.0,2900.0,17.24137931034483
16800.0,17200.0,-2.3255813953488373
12600.0,12350.0,2.0242914979757085
5800.0,5225.0,11.004784688995215
39250.0,37100.0,5.795148247978436
11500.0,13050.0,-11.877394636015326
11100.0,11150.0,-0.4484304932735426
1300.0,1825.0,-28.767123287671232
17500.0,14750.0,18.64406779661017
2500.0,3200.0,-21.875
27250.0,29300.0,-6.996587030716723
60000.0,29700.0,102.020202020202
6300.0,8500.0,-25.882352941176475
5250.0,4750.0,10.526315789473683
8700.0,8950.0,-2.793296089385475
7000.0,7550.0,-7.28476821192053
2200.0,1325.0,66.0377358490566
7500.0,11650.0,-35.622317596566525
26000.0,25500.0,1.9607843137254901
700.0,2300.0,-69.56521739130434
7100.0,9475.0,-25.065963060686013
10900.0,10050.0,8.45771144278607
2000.0,2875.0,-30.434782608695656
12600.0,12550.0,0.398406374501992
10200.0,9350.0,9.090909090909092
13200.0,12950.0,1.9305019305019304
16500.0,17350.0,-4.899135446685879
2500.0,5100.0,-50.98039215686274
16500.0,15250.0,8.19672131147541
8100.0,8425.0,-3.857566765578635
16400.0,15650.0,4.792332268370607
15600.0,15250.0,2.2950819672131146
11500.0,12050.0,-4.564315352697095
14200.0,16150.0,-12.074303405572756
5800.0,7225.0,-19.72318339100346
800.0,1800.0,-55.55555555555556
1900.0,2475.0,-23.232323232323232
1500.0,2550.0,-41.17647058823529
21100.0,20600.0,2.4271844660194173
13000.0,11750.0,10.638297872340425
24600.0,24400.0,0.819672131147541
9300.0,9525.0,-2.3622047244094486
11300.0,12600.0,-10.317460317460316
6500.0,5375.0,20.930232558139537
22200.0,23500.0,-5.531914893617021
17600.0,17300.0,1.7341040462427744
12500.0,18550.0,-32.61455525606469
8600.0,8950.0,-3.910614525139665
4400.0,3350.0,31.343283582089555
2700.0,3300.0,-18.181818181818183
8600.0,8700.0,-1.1494252873563218
12000.0,13750.0,-12.727272727272727
10300.0,12200.0,-15.573770491803279
16800.0,16500.0,1.8181818181818181
1300.0,1575.0,-17.46031746031746
24100.0,23800.0,1.2605042016806722
20300.0,19100.0,6.282722513089005
15000.0,13350.0,12.359550561797752
34000.0,33300.0,2.1021021021021022
7700.0,8325.0,-7.5075075075075075
5700.0,5150.0,10.679611650485436
17600.0,19550.0,-9.974424552429667
8400.0,8050.0,4.3478260869565215
6700.0,7850.0,-14.64968152866242
16000.0,16450.0,-2.735562310030395
13000.0,11550.0,12.554112554112553
18700.0,19400.0,-3.608247422680412
13300.0,13500.0,-1.4814814814814816
7800.0,8975.0,-13.09192200557103
16400.0,15750.0,4.1269841269841265
5100.0,6400.0,-20.3125
5400.0,4350.0,24.137931034482758
14400.0,13300.0,8.270676691729323
24250.0,23200.0,4.525862068965517
9500.0,13400.0,-29.1044776119403
9700.0,9525.0,1.837270341207349
25000.0,29500.0,-15.254237288135593
9800.0,10250.0,-4.390243902439024
3800.0,3975.0,-4.40251572327044
22600.0,22900.0,-1.3100436681222707
30100.0,27300.0,10.256410256410255
6100.0,5575.0,9.417040358744394
15400.0,15250.0,0.9836065573770493
13400.0,12800.0,4.6875
6500.0,5725.0,13.537117903930133
32300.0,28100.0,14.94661921708185
6800.0,7125.0,-4.56140350877193
19500.0,20400.0,-4.411764705882353
6000.0,7250.0,-17.24137931034483
11400.0,10850.0,5.0691244239631335
20400.0,18500.0,10.27027027027027
9400.0,11800.0,-20.33898305084746
8800.0,9950.0,-11.557788944723619
2900.0,3200.0,-9.375
26800.0,27300.0,-1.8315018315018317
17500.0,17200.0,1.744186046511628
42000.0,41900.0,0.23866348448687352
11200.0,10650.0,5.164319248826291
11800.0,11600.0,1.7241379310344827
18500.0,16550.0,11.782477341389729
3100.0,4775.0,-35.07853403141361
4400.0,5225.0,-15.789473684210526
15000.0,14350.0,4.529616724738676
33200.0,32800.0,1.2195121951219512
18800.0,19300.0,-2.5906735751295336
2500.0,3175.0,-21.25984251968504
600.0,1375.0,-56.36363636363636
12100.0,13100.0,-7.633587786259542
9000.0,9025.0,-0.2770083102493075
4100.0,4000.0,2.5
4000.0,4750.0,-15.789473684210526
10000.0,11550.0,-13.41991341991342
7400.0,7550.0,-1.9867549668874174
2300.0,2175.0,5.747126436781609
8600.0,9200.0,-6.521739130434782
12000.0,9375.0,28.000000000000004
2500.0,3050.0,-18.0327868852459
3500.0,3600.0,-2.7777777777777777
10100.0,9975.0,1.2531328320802004
26000.0,26000.0,0.0
11700.0,11300.0,3.5398230088495577
19600.0,18650.0,5.093833780160858
35400.0,30200.0,17.218543046357617
12000.0,14150.0,-15.19434628975265
8300.0,7975.0,4.075235109717868
10400.0,13150.0,-20.912547528517113
11300.0,11100.0,1.8018018018018018
11100.0,12500.0,-11.200000000000001
25000.0,25400.0,-1.574803149606299
10800.0,11450.0,-5.676855895196507
20800.0,19600.0,6.122448979591836
28500.0,32600.0,-12.576687116564417
1300.0,1725.0,-24.637681159420293
1100.0,1775.0,-38.028169014084504
3600.0,3350.0,7.462686567164178
11500.0,11650.0,-1.2875536480686696
21600.0,22000.0,-1.8181818181818181
12600.0,12750.0,-1.1764705882352942
28000.0,27800.0,0.7194244604316548
500.0,525.0,-4.761904761904762
4700.0,4825.0,-2.5906735751295336
17800.0,17150.0,3.7900874635568513
8300.0,8050.0,3.1055900621118013
13300.0,13250.0,0.37735849056603776
32000.0,33400.0,-4.191616766467066
4400.0,4400.0,0.0
12000.0,12900.0,-6.976744186046512
17500.0,16800.0,4.166666666666666
17000.0,15950.0,6.583072100313479
23500.0,22600.0,3.982300884955752
20250.0,22200.0,-8.783783783783784
22900.0,22800.0,0.43859649122807015
700.0,1800.0,-61.111111111111114
5000.0,6475.0,-22.779922779922778
10900.0,9850.0,10.65989847715736
16500.0,15750.0,4.761904761904762
16800.0,16300.0,3.067484662576687
10900.0,10250.0,6.341463414634147
12200.0,12750.0,-4.313725490196078
22500.0,21300.0,5.633802816901409
6300.0,6025.0,4.564315352697095
15600.0,15750.0,-0.9523809523809524
4200.0,3850.0,9.090909090909092
40700.0,39700.0,2.518891687657431
5000.0,4675.0,6.951871657754011
4800.0,6650.0,-27.819548872180448
1600.0,1975.0,-18.9873417721519
17500.0,17450.0,0.28653295128939826
4900.0,5375.0,-8.837209302325581
12000.0,18400.0,-34.78260869565217
6400.0,5400.0,18.51851851851852
21400.0,22100.0,-3.167420814479638
11200.0,11350.0,-1.3215859030837005
3400.0,4625.0,-26.486486486486488
25750.0,26500.0,-2.8301886792452833
9200.0,11450.0,-19.65065502183406
17500.0,15000.0,16.666666666666664
29900.0,29800.0,0.33557046979865773
8400.0,10350.0,-18.84057971014493
28000.0,28800.0,-2.7777777777777777
12100.0,11500.0,5.217391304347826
10500.0,12350.0,-14.979757085020243
17100.0,16050.0,6.5420560747663545
18100.0,19900.0,-9.045226130653267
10500.0,10700.0,-1.8691588785046727
10400.0,12000.0,-13.333333333333334
24250.0,24300.0,-0.205761316872428
10700.0,12400.0,-13.709677419354838
9900.0,9325.0,6.166219839142091
12700.0,13350.0,-4.868913857677903
6050.0,6600.0,-8.333333333333332
11400.0,10800.0,5.555555555555555
25000.0,25100.0,-0.398406374501992
37000.0,37600.0,-1.5957446808510638
13900.0,13650.0,1.8315018315018317
7800.0,7050.0,10.638297872340425
1350.0,2975.0,-54.621848739495796
31250.0,31700.0,-1.4195583596214512
14700.0,19800.0,-25.757575757575758
8100.0,8650.0,-6.358381502890173
11200.0,11000.0,1.8181818181818181
2000.0,1800.0,11.11111111111111
22600.0,23000.0,-1.7391304347826086
1300.0,2800.0,-53.57142857142857
900.0,1150.0,-21.73913043478261
16000.0,16100.0,-0.6211180124223602
17400.0,19450.0,-10.539845758354756
5100.0,6225.0,-18.072289156626507
11700.0,11500.0,1.7391304347826086
10800.0,8700.0,24.137931034482758
3700.0,5050.0,-26.732673267326735
6500.0,6775.0,-4.059040590405904
9800.0,11400.0,-14.035087719298245
14500.0,15800.0,-8.227848101265822
21900.0,18850.0,16.180371352785148
24500.0,24300.0,0.823045267489712
2000.0,3275.0,-38.93129770992366
8100.0,8750.0,-7.428571428571429
6500.0,7350.0,-11.564625850340136
12000.0,15250.0,-21.311475409836063
19000.0,19700.0,-3.5532994923857872
550.0,875.0,-37.142857142857146
8500.0,9700.0,-12.371134020618557
8500.0,8475.0,0.2949852507374631
13800.0,13650.0,1.098901098901099
8500.0,7700.0,10.38961038961039
24800.0,24300.0,2.05761316872428
3700.0,6975.0,-46.95340501792115
34000.0,31600.0,7.59493670886076
14200.0,15300.0,-7.18954248366013
13500.0,14050.0,-3.9145907473309607
16800.0,17000.0,-1.1764705882352942
13500.0,12600.0,7.142857142857142
19600.0,15250.0,28.524590163934427
8400.0,9100.0,-7.6923076923076925
8400.0,8575.0,-2.0408163265306123
10900.0,11700.0,-6.837606837606838
9200.0,9600.0,-4.166666666666666
3800.0,3325.0,14.285714285714285
19900.0,20200.0,-1.4851485148514851
21300.0,21100.0,0.9478672985781991
7400.0,6300.0,17.46031746031746
3600.0,3525.0,2.127659574468085
19300.0,18650.0,3.485254691689008
16100.0,17400.0,-7.471264367816093
24600.0,25700.0,-4.280155642023346
34500.0,36700.0,-5.994550408719346
9200.0,8300.0,10.843373493975903
14900.0,14300.0,4.195804195804196
2800.0,1950.0,43.58974358974359
18100.0,18250.0,-0.821917808219178
8000.0,7425.0,7.744107744107744
2800.0,2350.0,19.148936170212767
11700.0,10600.0,10.377358490566039
8600.0,7625.0,12.786885245901638
19500.0,17250.0,13.043478260869565
6300.0,6475.0,-2.7027027027027026
11700.0,10750.0,8.837209302325581
12100.0,12650.0,-4.3478260869565215
5900.0,4150.0,42.168674698795186
11000.0,11050.0,-0.4524886877828055
17800.0,18650.0,-4.557640750670242
9600.0,10750.0,-10.69767441860465
15400.0,16800.0,-8.333333333333332
500.0,675.0,-25.925925925925924
12100.0,12350.0,-2.0242914979757085
3600.0,2200.0,63.63636363636363
11800.0,11550.0,2.1645021645021645
1600.0,2125.0,-24.705882352941178
22200.0,22400.0,-0.8928571428571428
22300.0,22400.0,-0.4464285714285714
6800.0,7300.0,-6.8493150684931505
15800.0,14600.0,8.21917808219178
18800.0,18350.0,2.452316076294278
1600.0,2400.0,-33.33333333333333
4400.0,5725.0,-23.144104803493452
34500.0,35000.0,-1.4285714285714286
14200.0,13500.0,5.185185185185185
18800.0,18050.0,4.1551246537396125
13600.0,13950.0,-2.5089605734767026
2850.0,3150.0,-9.523809523809524
6000.0,5550.0,8.108108108108109
10500.0,10500.0,0.0
33000.0,32600.0,1.2269938650306749
8800.0,9050.0,-2.7624309392265194
33000.0,33000.0,0.0
1200.0,1425.0,-15.789473684210526
14100.0,16300.0,-13.496932515337424
13400.0,14150.0,-5.30035335689046
13300.0,14050.0,-5.338078291814947
25000.0,25600.0,-2.34375
12000.0,12100.0,-0.8264462809917356
10400.0,9900.0,5.05050505050505
15400.0,15250.0,0.9836065573770493
1550.0,2000.0,-22.5
29400.0,32300.0,-8.978328173374612
1700.0,2325.0,-26.881720430107524
25800.0,23900.0,7.949790794979079
13200.0,12450.0,6.024096385542169
6700.0,7500.0,-10.666666666666668
4400.0,4550.0,-3.296703296703297
12900.0,13250.0,-2.6415094339622645
9000.0,7600.0,18.421052631578945
4500.0,6700.0,-32.83582089552239
4000.0,5975.0,-33.054393305439326
11500.0,11550.0,-0.4329004329004329
12500.0,14350.0,-12.89198606271777
8700.0,9650.0,-9.844559585492227
8300.0,8125.0,2.1538461538461537
15500.0,16000.0,-3.125
5100.0,4825.0,5.699481865284974
17500.0,18550.0,-5.660377358490567
14500.0,15100.0,-3.9735099337748347
46600.0,43000.0,8.372093023255815
10400.0,7800.0,33.33333333333333
1750.0,1400.0,25.0
14400.0,15800.0,-8.860759493670885
1600.0,1750.0,-8.571428571428571
3900.0,4950.0,-21.21212121212121
13700.0,13700.0,0.0
5800.0,4975.0,16.582914572864322
9500.0,9950.0,-4.522613065326634
25400.0,23300.0,9.012875536480687
16000.0,15900.0,0.628930817610063
34600.0,32800.0,5.487804878048781
6900.0,6275.0,9.9601593625498
27300.0,27900.0,-2.1505376344086025
13200.0,21700.0,-39.1705069124424
20600.0,19250.0,7.012987012987012
7600.0,5025.0,51.243781094527364
13300.0,13600.0,-2.2058823529411766
9400.0,9675.0,-2.842377260981912
5900.0,6375.0,-7.450980392156863
9900.0,10200.0,-2.941176470588235
11700.0,11850.0,-1.2658227848101267
44800.0,42900.0,4.428904428904429
15000.0,15050.0,-0.33222591362126247
5000.0,6050.0,-17.355371900826448
4100.0,4800.0,-14.583333333333334
11000.0,16750.0,-34.32835820895522
22700.0,22700.0,0.0
13700.0,14600.0,-6.164383561643835
64400.0,64000.0,0.625
13000.0,12400.0,4.838709677419355
18600.0,18850.0,-1.3262599469496021
6500.0,6800.0,-4.411764705882353
4000.0,4275.0,-6.432748538011696
5600.0,4925.0,13.705583756345177
16500.0,16850.0,-2.0771513353115725
10400.0,11450.0,-9.170305676855897
14500.0,15200.0,-4.605263157894736
12000.0,12550.0,-4.382470119521913
6000.0,9525.0,-37.00787401574803
20100.0,18950.0,6.068601583113456
1000.0,1050.0,-4.761904761904762
12200.0,14750.0,-17.28813559322034
11100.0,9350.0,18.71657754010695
1000.0,2750.0,-63.63636363636363
8100.0,7100.0,14.084507042253522
5600.0,9200.0,-39.130434782608695
2900.0,2950.0,-1.694915254237288
2200.0,2700.0,-18.51851851851852
25100.0,23900.0,5.02092050209205
10600.0,10950.0,-3.1963470319634704
13000.0,12200.0,6.557377049180328
11200.0,11200.0,0.0
8000.0,8150.0,-1.8404907975460123
11300.0,12050.0,-6.224066390041494
9400.0,7425.0,26.599326599326602
71600.0,75000.0,-4.533333333333333
12500.0,12300.0,1.6260162601626018
1500.0,1725.0,-13.043478260869565
1600.0,825.0,93.93939393939394
3500.0,5100.0,-31.372549019607842
15100.0,16700.0,-9.580838323353294
44250.0,41800.0,5.861244019138756
23250.0,23500.0,-1.0638297872340425
14600.0,13550.0,7.7490774907749085
2650.0,1850.0,43.24324324324324
10800.0,10700.0,0.9345794392523363
9900.0,10350.0,-4.3478260869565215
5600.0,5825.0,-3.862660944206009
1900.0,2250.0,-15.555555555555555
36100.0,36600.0,-1.366120218579235
11500.0,11700.0,-1.7094017094017095
7800.0,10900.0,-28.440366972477065
9700.0,9775.0,-0.7672634271099744
11200.0,10050.0,11.442786069651742
5100.0,5400.0,-5.555555555555555
15800.0,14700.0,7.482993197278912
21000.0,19150.0,9.660574412532636
10700.0,11150.0,-4.0358744394618835
13300.0,13200.0,0.7575757575757576
16400.0,15900.0,3.1446540880503147
6000.0,5900.0,1.694915254237288
12400.0,12300.0,0.8130081300813009
7000.0,5500.0,27.27272727272727
22400.0,23400.0,-4.273504273504273
16100.0,15450.0,4.207119741100324
18800.0,18800.0,0.0
8600.0,6600.0,30.303030303030305
11500.0,11450.0,0.43668122270742354
27500.0,24700.0,11.336032388663968
1500.0,1125.0,33.33333333333333
3000.0,3450.0,-13.043478260869565
44500.0,42700.0,4.215456674473068
10700.0,10800.0,-0.9259259259259258
3500.0,5500.0,-36.36363636363637
12700.0,12500.0,1.6
1750.0,1950.0,-10.256410256410255
5300.0,4775.0,10.99476439790576
23500.0,23400.0,0.4273504273504274
17300.0,16700.0,3.592814371257485
19200.0,17200.0,11.627906976744185
8400.0,7000.0,20.0
8500.0,9600.0,-11.458333333333332
7300.0,6900.0,5.797101449275362
19750.0,21200.0,-6.839622641509433
4000.0,3850.0,3.896103896103896
3000.0,10350.0,-71.01449275362319
7500.0,12200.0,-38.52459016393443
7100.0,7225.0,-1.7301038062283738
11200.0,11350.0,-1.3215859030837005
20200.0,19650.0,2.7989821882951653
9400.0,10000.0,-6.0
9100.0,9850.0,-7.614213197969544
2000.0,2075.0,-3.614457831325301
6300.0,8875.0,-29.014084507042252
8800.0,10150.0,-13.30049261083744
18400.0,18950.0,-2.9023746701846966
1400.0,850.0,64.70588235294117
10000.0,16200.0,-38.2716049382716
14500.0,15000.0,-3.3333333333333335
10000.0,10300.0,-2.912621359223301
2000.0,2700.0,-25.925925925925924
16800.0,16550.0,1.5105740181268883
2600.0,3325.0,-21.804511278195488
12600.0,12150.0,3.7037037037037033
29700.0,29800.0,-0.33557046979865773
5900.0,5650.0,4.424778761061947
8400.0,7700.0,9.090909090909092
10400.0,10750.0,-3.255813953488372
11500.0,11300.0,1.7699115044247788
950.0,1100.0,-13.636363636363635
53500.0,47800.0,11.92468619246862
13500.0,15900.0,-15.09433962264151
9600.0,9650.0,-0.5181347150259068
7300.0,7825.0,-6.7092651757188495
12800.0,13350.0,-4.119850187265917
32300.0,33500.0,-3.582089552238806
3900.0,4425.0,-11.864406779661017
17000.0,17300.0,-1.7341040462427744
2800.0,2700.0,3.7037037037037033
4500.0,5525.0,-18.552036199095024
10800.0,11450.0,-5.676855895196507
8500.0,9950.0,-14.572864321608039
4650.0,5325.0,-12.676056338028168
2800.0,2575.0,8.737864077669903
4800.0,6700.0,-28.35820895522388
2500.0,3425.0,-27.00729927007299
7400.0,8925.0,-17.086834733893557
3800.0,3675.0,3.4013605442176873
5100.0,4750.0,7.368421052631578
6500.0,4225.0,53.84615384615385
3500.0,2625.0,33.33333333333333
10900.0,9250.0,17.83783783783784
4400.0,20700.0,-78.74396135265701
14600.0,13400.0,8.955223880597014
17200.0,17050.0,0.8797653958944283
10400.0,9975.0,4.260651629072681
2300.0,2800.0,-17.857142857142858
5100.0,3975.0,28.30188679245283
12000.0,12500.0,-4.0
25000.0,25100.0,-0.398406374501992
4600.0,5150.0,-10.679611650485436
10800.0,9500.0,13.684210526315791
15900.0,15200.0,4.605263157894736
19000.0,19500.0,-2.564102564102564
30700.0,30700.0,0.0
16400.0,16550.0,-0.906344410876133
6400.0,6950.0,-7.913669064748201
9000.0,8925.0,0.8403361344537815
12200.0,12450.0,-2.0080321285140563
10600.0,11450.0,-7.423580786026202
5000.0,5800.0,-13.793103448275861
27600.0,27400.0,0.7299270072992701
19800.0,19500.0,1.5384615384615385
6000.0,8375.0,-28.35820895522388
11300.0,10800.0,4.62962962962963
10300.0,8175.0,25.993883792048926
1200.0,1300.0,-7.6923076923076925
39200.0,38700.0,1.2919896640826873
13600.0,13750.0,-1.090909090909091
37000.0,44700.0,-17.225950782997764
7100.0,8200.0,-13.414634146341465
20400.0,19400.0,5.154639175257731
32000.0,31000.0,3.225806451612903
2800.0,1950.0,43.58974358974359
8600.0,7375.0,16.610169491525422
8000.0,3750.0,113.33333333333333
4700.0,4025.0,16.77018633540373
2900.0,2325.0,24.731182795698924
4400.0,5200.0,-15.384615384615385
29500.0,29600.0,-0.33783783783783783
6800.0,6275.0,8.366533864541832
3500.0,4725.0,-25.925925925925924
28700.0,15450.0,85.76051779935275
17500.0,14450.0,21.10726643598616
17700.0,16500.0,7.2727272727272725
6400.0,4075.0,57.05521472392638
16100.0,16900.0,-4.733727810650888
28200.0,26500.0,6.415094339622642
1500.0,1225.0,22.448979591836736
13900.0,14600.0,-4.794520547945205
5000.0,5525.0,-9.502262443438914
1300.0,1650.0,-21.21212121212121
7100.0,8850.0,-19.774011299435028
13600.0,12900.0,5.426356589147287
8100.0,9525.0,-14.960629921259844
13300.0,13000.0,2.307692307692308
16800.0,15550.0,8.038585209003216
900.0,450.0,100.0
14000.0,14800.0,-5.405405405405405
11000.0,15350.0,-28.338762214983714
15100.0,15500.0,-2.5806451612903225
13800.0,13700.0,0.7299270072992701
23100.0,23300.0,-0.8583690987124464
22900.0,16800.0,36.30952380952381
2900.0,5275.0,-45.023696682464454
11600.0,12100.0,-4.132231404958678
18400.0,20000.0,-8.0
5900.0,5450.0,8.256880733944955
12500.0,12400.0,0.8064516129032258
28700.0,32000.0,-10.3125
24600.0,25000.0,-1.6
11600.0,11050.0,4.97737556561086
12500.0,13850.0,-9.747292418772563
11800.0,12800.0,-7.8125
18800.0,18200.0,3.296703296703297
7700.0,6525.0,18.007662835249043
7800.0,7200.0,8.333333333333332
30600.0,29000.0,5.517241379310345
12400.0,12650.0,-1.9762845849802373
14700.0,15350.0,-4.234527687296417
6900.0,6775.0,1.8450184501845017
26500.0,28700.0,-7.665505226480835
11100.0,12850.0,-13.618677042801556
26400.0,27100.0,-2.5830258302583027
5500.0,6175.0,-10.931174089068826
14200.0,14400.0,-1.3888888888888888
12500.0,12950.0,-3.474903474903475
1000.0,650.0,53.84615384615385
25900.0,29700.0,-12.794612794612794
4000.0,4000.0,0.0
46500.0,40100.0,15.96009975062344
14800.0,14600.0,1.36986301369863
19600.0,20800.0,-5.769230769230769
11750.0,10750.0,9.30232558139535
14200.0,13200.0,7.575757575757576
6800.0,5775.0,17.74891774891775
19600.0,20600.0,-4.854368932038835
5000.0,6050.0,-17.355371900826448
16900.0,17100.0,-1.1695906432748537
10600.0,11700.0,-9.401709401709402
21200.0,22400.0,-5.357142857142857
7700.0,10750.0,-28.37209302325581
9600.0,11050.0,-13.122171945701359
10900.0,9425.0,15.649867374005305
2400.0,2475.0,-3.0303030303030303
18500.0,16950.0,9.144542772861357
16700.0,13100.0,27.480916030534353
11200.0,11350.0,-1.3215859030837005
4800.0,4050.0,18.51851851851852
19200.0,19850.0,-3.27455919395466
18200.0,18200.0,0.0
10100.0,10700.0,-5.607476635514018
13100.0,13500.0,-2.9629629629629632
12900.0,12300.0,4.878048780487805
20700.0,21100.0,-1.8957345971563981
32100.0,31500.0,1.9047619047619049
28900.0,28400.0,1.7605633802816902
11100.0,10850.0,2.3041474654377883
10100.0,10200.0,-0.9803921568627451
12600.0,12650.0,-0.3952569169960474
21100.0,19250.0,9.61038961038961
20400.0,20800.0,-1.9230769230769231
43000.0,43700.0,-1.6018306636155606
4600.0,6475.0,-28.957528957528954
3900.0,4175.0,-6.58682634730539
12500.0,11700.0,6.837606837606838
8700.0,7300.0,19.17808219178082
7750.0,8825.0,-12.181303116147308
11100.0,12050.0,-7.883817427385892
14100.0,14250.0,-1.0526315789473684
10900.0,10550.0,3.3175355450236967
16400.0,15300.0,7.18954248366013
11400.0,11600.0,-1.7241379310344827
25700.0,25200.0,1.984126984126984
9600.0,9675.0,-0.7751937984496124
1500.0,1725.0,-13.043478260869565
4100.0,5725.0,-28.38427947598253
11800.0,11600.0,1.7241379310344827
2800.0,4400.0,-36.36363636363637
12400.0,11850.0,4.641350210970464
19500.0,17850.0,9.243697478991598
23400.0,22400.0,4.464285714285714
47500.0,45900.0,3.485838779956427
12300.0,12300.0,0.0
11400.0,11900.0,-4.201680672268908
20700.0,20800.0,-0.4807692307692308
43500.0,42100.0,3.32541567695962
13000.0,10800.0,20.37037037037037
13400.0,10050.0,33.33333333333333
11100.0,10150.0,9.35960591133005
14900.0,15700.0,-5.095541401273886
10900.0,11250.0,-3.111111111111111
23600.0,23100.0,2.1645021645021645
19700.0,19700.0,0.0
13100.0,14350.0,-8.710801393728223
14000.0,13800.0,1.4492753623188406
13100.0,12850.0,1.9455252918287937
6100.0,7625.0,-20.0
25500.0,26000.0,-1.9230769230769231
27500.0,28000.0,-1.7857142857142856
13300.0,13500.0,-1.4814814814814816
9100.0,9100.0,0.0
8800.0,10550.0,-16.587677725118482
2200.0,1325.0,66.0377358490566
11300.0,10700.0,5.607476635514018
18600.0,22400.0,-16.964285714285715
8900.0,7550.0,17.880794701986755
15300.0,14650.0,4.436860068259386
12300.0,15300.0,-19.607843137254903
1500.0,2925.0,-48.717948717948715
14800.0,14600.0,1.36986301369863
17000.0,21400.0,-20.5607476635514
11600.0,11150.0,4.0358744394618835
6100.0,6925.0,-11.913357400722022
17100.0,15950.0,7.210031347962382
19000.0,19350.0,-1.8087855297157622
6500.0,6925.0,-6.137184115523466
8600.0,9975.0,-13.784461152882205
6600.0,7725.0,-14.563106796116504
9500.0,9475.0,0.2638522427440633
4200.0,2975.0,41.17647058823529
24600.0,23800.0,3.361344537815126
26200.0,25900.0,1.1583011583011582
15000.0,15050.0,-0.33222591362126247
15600.0,16450.0,-5.167173252279635
11000.0,12000.0,-8.333333333333332
21700.0,23100.0,-6.0606060606060606
22500.0,23300.0,-3.4334763948497855
6200.0,8750.0,-29.142857142857142
16800.0,17150.0,-2.0408163265306123
5800.0,6025.0,-3.7344398340248963
18500.0,20600.0,-10.194174757281553
10700.0,11600.0,-7.758620689655173
9500.0,9275.0,2.4258760107816713
12400.0,12450.0,-0.4016064257028112
2000.0,4075.0,-50.920245398773
7700.0,7075.0,8.8339222614841
17000.0,16450.0,3.343465045592705
12500.0,13150.0,-4.942965779467681
15100.0,14900.0,1.342281879194631
1100.0,1750.0,-37.142857142857146
5200.0,4325.0,20.23121387283237
10800.0,9900.0,9.090909090909092
9000.0,10500.0,-14.285714285714285
12400.0,11950.0,3.765690376569038
14600.0,20800.0,-29.807692307692307
40600.0,39300.0,3.307888040712468
1800.0,5800.0,-68.96551724137932
1700.0,825.0,106.06060606060606
15000.0,13600.0,10.294117647058822
17000.0,17650.0,-3.6827195467422094
39250.0,40800.0,-3.799019607843137
700.0,2500.0,-72.0
16800.0,16950.0,-0.8849557522123894
13750.0,14650.0,-6.143344709897611
9800.0,9075.0,7.988980716253444
24600.0,23900.0,2.928870292887029
23100.0,24500.0,-5.714285714285714
9300.0,8450.0,10.059171597633137
23000.0,22700.0,1.3215859030837005
18600.0,18400.0,1.0869565217391304
11500.0,11750.0,-2.127659574468085
27500.0,23300.0,18.025751072961373
12100.0,13000.0,-6.923076923076923
5000.0,6425.0,-22.17898832684825
24600.0,22700.0,8.370044052863436
13500.0,13200.0,2.272727272727273
18800.0,18800.0,0.0
4000.0,4750.0,-15.789473684210526
27700.0,28300.0,-2.1201413427561837
12400.0,11350.0,9.251101321585903
3800.0,3150.0,20.634920634920633
1000.0,1525.0,-34.42622950819672
13900.0,14250.0,-2.456140350877193
16200.0,14500.0,11.724137931034482
21750.0,21500.0,1.1627906976744187
3800.0,3600.0,5.555555555555555
1700.0,1550.0,9.67741935483871
16800.0,14500.0,15.862068965517242
1300.0,1150.0,13.043478260869565
3800.0,6875.0,-44.72727272727273
11300.0,12250.0,-7.755102040816326
2700.0,3500.0,-22.857142857142858
8900.0,9375.0,-5.066666666666666
18100.0,15900.0,13.836477987421384
34500.0,30200.0,14.23841059602649
12500.0,11750.0,6.382978723404255
12000.0,11900.0,0.8403361344537815
6100.0,4600.0,32.608695652173914
15000.0,14900.0,0.6711409395973155
2600.0,3500.0,-25.71428571428571
6300.0,4975.0,26.633165829145728
3000.0,1925.0,55.84415584415584
19800.0,22300.0,-11.210762331838566
9600.0,10300.0,-6.796116504854369
2100.0,1150.0,82.6086956521739
13200.0,14400.0,-8.333333333333332
13600.0,13850.0,-1.8050541516245486
15000.0,14650.0,2.3890784982935154
11900.0,11450.0,3.9301310043668125
12100.0,12700.0,-4.724409448818897
1900.0,1975.0,-3.79746835443038
12500.0,12200.0,2.459016393442623
12900.0,15450.0,-16.50485436893204
1100.0,2475.0,-55.55555555555556
20600.0,22000.0,-6.363636363636363
5800.0,4900.0,18.367346938775512
575.0,1475.0,-61.016949152542374
20300.0,19600.0,3.571428571428571
2150.0,1550.0,38.70967741935484
10200.0,11300.0,-9.734513274336283
14500.0,14400.0,0.6944444444444444
18700.0,18900.0,-1.0582010582010581
2200.0,1550.0,41.935483870967744
11700.0,13000.0,-10.0
12500.0,14050.0,-11.032028469750891
29700.0,29700.0,0.0
24300.0,24800.0,-2.0161290322580645
2500.0,6200.0,-59.67741935483871
2400.0,2300.0,4.3478260869565215
12900.0,10200.0,26.47058823529412
7800.0,10200.0,-23.52941176470588
15400.0,14900.0,3.3557046979865772
5400.0,7175.0,-24.738675958188153
13600.0,13350.0,1.8726591760299627
16200.0,16300.0,-0.6134969325153374
13000.0,12650.0,2.766798418972332
20300.0,19100.0,6.282722513089005
4000.0,2925.0,36.75213675213676
8200.0,9525.0,-13.910761154855644
17800.0,18300.0,-2.73224043715847
10500.0,9550.0,9.947643979057592
15900.0,17550.0,-9.401709401709402
10700.0,10900.0,-1.834862385321101
11400.0,11200.0,1.7857142857142856
6600.0,6900.0,-4.3478260869565215
1100.0,625.0,76.0
4500.0,4825.0,-6.7357512953367875
1500.0,3450.0,-56.52173913043478
10600.0,10200.0,3.9215686274509802
30600.0,31400.0,-2.547770700636943
5100.0,5200.0,-1.9230769230769231
2500.0,3025.0,-17.355371900826448
21900.0,20300.0,7.8817733990147785
22600.0,22000.0,2.727272727272727
20700.0,20900.0,-0.9569377990430622
16000.0,13850.0,15.523465703971121
9400.0,9325.0,0.8042895442359249
2100.0,5600.0,-62.5
16100.0,20800.0,-22.596153846153847
12000.0,11600.0,3.4482758620689653
12900.0,12800.0,0.78125
15200.0,14900.0,2.013422818791946
9600.0,9200.0,4.3478260869565215
9600.0,9025.0,6.3711911357340725
21600.0,20400.0,5.88235294117647
9500.0,9700.0,-2.0618556701030926
38000.0,36100.0,5.263157894736842
13300.0,15700.0,-15.286624203821656
2400.0,3525.0,-31.914893617021278
13600.0,13050.0,4.21455938697318
8200.0,7600.0,7.894736842105263
12500.0,14650.0,-14.675767918088736
600.0,750.0,-20.0
14300.0,14650.0,-2.3890784982935154
23700.0,22900.0,3.4934497816593884
8500.0,7375.0,15.254237288135593
13500.0,13500.0,0.0
13000.0,13650.0,-4.761904761904762
12200.0,15200.0,-19.736842105263158
10500.0,10100.0,3.9603960396039604
7000.0,7000.0,0.0
6000.0,7175.0,-16.376306620209057
22750.0,21600.0,5.324074074074074
11000.0,10700.0,2.803738317757009
18500.0,21400.0,-13.551401869158877
7500.0,12050.0,-37.75933609958506
3400.0,2900.0,17.24137931034483
9200.0,10500.0,-12.380952380952381
1700.0,2100.0,-19.047619047619047
9800.0,9800.0,0.0
7300.0,9500.0,-23.157894736842106
19200.0,17950.0,6.963788300835655
21100.0,21000.0,0.4761904761904762
23500.0,26800.0,-12.313432835820896
7500.0,7075.0,6.007067137809187
19000.0,19650.0,-3.307888040712468
14600.0,14300.0,2.097902097902098
8400.0,9475.0,-11.345646437994723
9400.0,9700.0,-3.0927835051546393
16400.0,16150.0,1.5479876160990713
1500.0,1425.0,5.263157894736842
3400.0,2525.0,34.65346534653465
13800.0,13800.0,0.0
10100.0,9625.0,4.935064935064935
12600.0,13200.0,-4.545454545454546
14200.0,16200.0,-12.345679012345679
23500.0,21400.0,9.813084112149532
1200.0,425.0,182.35294117647058
9700.0,9300.0,4.301075268817205
2700.0,2100.0,28.57142857142857
18500.0,18800.0,-1.5957446808510638
11500.0,11100.0,3.6036036036036037
31500.0,32900.0,-4.25531914893617
11900.0,11950.0,-0.41841004184100417
15400.0,14900.0,3.3557046979865772
18600.0,17050.0,9.090909090909092
4000.0,4450.0,-10.112359550561797
17300.0,14650.0,18.088737201365188
15700.0,14800.0,6.081081081081082
17400.0,19350.0,-10.077519379844961
3300.0,4850.0,-31.958762886597935
21900.0,19200.0,14.0625
16200.0,16000.0,1.25
18900.0,18950.0,-0.2638522427440633
22000.0,20700.0,6.280193236714976
18500.0,18100.0,2.209944751381215
22100.0,21200.0,4.245283018867925
14700.0,14400.0,2.083333333333333
2600.0,3000.0,-13.333333333333334
5500.0,5800.0,-5.172413793103448
13400.0,13650.0,-1.8315018315018317
31800.0,31800.0,0.0
1600.0,3600.0,-55.55555555555556
3500.0,3725.0,-6.0402684563758395
14400.0,14700.0,-2.0408163265306123
15200.0,15100.0,0.6622516556291391
7800.0,8800.0,-11.363636363636363
23500.0,22900.0,2.6200873362445414
29900.0,29500.0,1.3559322033898304
19700.0,21400.0,-7.943925233644859
8400.0,6050.0,38.84297520661157
12500.0,12950.0,-3.474903474903475
2500.0,2175.0,14.942528735632186
12100.0,11400.0,6.140350877192982
2900.0,3550.0,-18.30985915492958
15800.0,15750.0,0.31746031746031744
10800.0,9425.0,14.588859416445624
11300.0,11600.0,-2.586206896551724
9600.0,8100.0,18.51851851851852
3500.0,3075.0,13.821138211382115
30250.0,30100.0,0.4983388704318937
8600.0,8475.0,1.4749262536873156
6300.0,9250.0,-31.891891891891895
23300.0,21800.0,6.8807339449541285
27400.0,31300.0,-12.460063897763577
6500.0,6950.0,-6.474820143884892
8600.0,8725.0,-1.4326647564469914
11000.0,11400.0,-3.508771929824561
27500.0,28100.0,-2.135231316725979
19500.0,19750.0,-1.2658227848101267
23400.0,23100.0,1.2987012987012987
2000.0,1800.0,11.11111111111111
10900.0,10100.0,7.920792079207921
17500.0,16200.0,8.024691358024691
13900.0,12650.0,9.881422924901186
17600.0,16950.0,3.8348082595870205
22000.0,23100.0,-4.761904761904762
2800.0,3350.0,-16.417910447761194
15401.0,14850.0,3.7104377104377106
5900.0,7700.0,-23.376623376623375
2800.0,3625.0,-22.758620689655174
8500.0,8825.0,-3.6827195467422094
4500.0,4650.0,-3.225806451612903
11300.0,12450.0,-9.236947791164658
10200.0,11150.0,-8.520179372197308
16100.0,15900.0,1.257861635220126
15300.0,15350.0,-0.32573289902280134
22700.0,18550.0,22.371967654986523
9200.0,8400.0,9.523809523809524
16100.0,14800.0,8.783783783783784
12600.0,11700.0,7.6923076923076925
11700.0,11250.0,4.0
7200.0,7725.0,-6.796116504854369
27500.0,27700.0,-0.7220216606498195
21600.0,20200.0,6.9306930693069315
10300.0,10650.0,-3.286384976525822
3800.0,3300.0,15.151515151515152
34750.0,36100.0,-3.739612188365651
21300.0,20100.0,5.970149253731343
16300.0,17550.0,-7.122507122507122
22900.0,12450.0,83.93574297188755
12400.0,12150.0,2.05761316872428
16700.0,17450.0,-4.297994269340974
14000.0,13750.0,1.8181818181818181
17700.0,18350.0,-3.5422343324250685
26300.0,24700.0,6.477732793522267
9300.0,9475.0,-1.8469656992084433
6800.0,6150.0,10.569105691056912
4400.0,4250.0,3.5294117647058822
12000.0,11800.0,1.694915254237288
3800.0,3650.0,4.10958904109589
22500.0,22200.0,1.3513513513513513
11300.0,8650.0,30.63583815028902
19600.0,19350.0,1.2919896640826873
600.0,550.0,9.090909090909092
22600.0,22800.0,-0.8771929824561403
40300.0,42100.0,-4.275534441805226
31200.0,30700.0,1.6286644951140066
3600.0,4175.0,-13.77245508982036
11500.0,12100.0,-4.958677685950414
22800.0,22700.0,0.4405286343612335
7400.0,7600.0,-2.631578947368421
23000.0,23200.0,-0.8620689655172413
2100.0,950.0,121.05263157894737
13700.0,13950.0,-1.7921146953405016
2400.0,3250.0,-26.153846153846157
8000.0,8175.0,-2.1406727828746175
10800.0,10350.0,4.3478260869565215
12100.0,11000.0,10.0
15800.0,15550.0,1.607717041800643
4300.0,4325.0,-0.5780346820809248
16800.0,15400.0,9.090909090909092
18600.0,18300.0,1.639344262295082
11600.0,11750.0,-1.276595744680851
12400.0,12700.0,-2.3622047244094486
19700.0,26400.0,-25.37878787878788
8000.0,12850.0,-37.7431906614786
7500.0,7450.0,0.6711409395973155
8000.0,8450.0,-5.325443786982249
32300.0,29000.0,11.379310344827587
21500.0,22300.0,-3.587443946188341
11500.0,10050.0,14.427860696517413
5200.0,4875.0,6.666666666666667
13500.0,13600.0,-0.7352941176470588
1500.0,1375.0,9.090909090909092
4000.0,5350.0,-25.233644859813083
1500.0,1925.0,-22.07792207792208
3400.0,4175.0,-18.562874251497004
13300.0,14400.0,-7.638888888888889
7900.0,7600.0,3.9473684210526314
7800.0,6925.0,12.63537906137184
13800.0,12250.0,12.653061224489795
6800.0,4750.0,43.15789473684211
14300.0,14350.0,-0.34843205574912894
16300.0,16500.0,-1.2121212121212122
8000.0,8575.0,-6.705539358600583
5200.0,4625.0,12.432432432432433
3900.0,4950.0,-21.21212121212121
21800.0,23100.0,-5.627705627705628
13000.0,12850.0,1.1673151750972763
1400.0,1175.0,19.148936170212767
9000.0,8975.0,0.2785515320334262
2700.0,4325.0,-37.57225433526011
24800.0,24700.0,0.4048582995951417
19400.0,19250.0,0.7792207792207793
37400.0,35000.0,6.857142857142858
9600.0,10950.0,-12.32876712328767
8900.0,9325.0,-4.557640750670242
2100.0,575.0,265.2173913043478
500.0,2075.0,-75.90361445783132
7400.0,5850.0,26.495726495726498
11300.0,11100.0,1.8018018018018018
29500.0,26900.0,9.66542750929368
11900.0,10250.0,16.097560975609756
21500.0,21600.0,-0.4629629629629629
12200.0,12100.0,0.8264462809917356
13700.0,13350.0,2.6217228464419478
17900.0,19550.0,-8.439897698209718
7400.0,8675.0,-14.697406340057636
26700.0,26000.0,2.6923076923076925
16300.0,16550.0,-1.5105740181268883
2900.0,3675.0,-21.08843537414966
14600.0,17200.0,-15.11627906976744
11700.0,12000.0,-2.5
26800.0,24300.0,10.2880658436214
8000.0,10050.0,-20.398009950248756
12400.0,11400.0,8.771929824561402
22500.0,22100.0,1.809954751131222
38800.0,33500.0,15.82089552238806
16800.0,15400.0,9.090909090909092
3800.0,3375.0,12.592592592592592
33750.0,29600.0,14.020270270270272
51750.0,52800.0,-1.9886363636363635
8700.0,8525.0,2.0527859237536656
5200.0,4700.0,10.638297872340425
11300.0,11050.0,2.262443438914027
16200.0,15350.0,5.537459283387622
27600.0,28700.0,-3.8327526132404177
32600.0,32200.0,1.2422360248447204
19750.0,21200.0,-6.839622641509433
21200.0,21200.0,0.0
19500.0,19250.0,1.2987012987012987
16000.0,16850.0,-5.044510385756676
36500.0,36200.0,0.8287292817679558
7300.0,5425.0,34.56221198156682
16300.0,15350.0,6.188925081433225
20100.0,19550.0,2.813299232736573
3400.0,1825.0,86.3013698630137
23200.0,23700.0,-2.109704641350211
15600.0,16000.0,-2.5
13600.0,13950.0,-2.5089605734767026
21000.0,22600.0,-7.079646017699115
26000.0,26600.0,-2.2556390977443606
10100.0,9625.0,4.935064935064935
12200.0,11900.0,2.5210084033613445
4200.0,5350.0,-21.49532710280374
14800.0,13400.0,10.44776119402985
5800.0,4475.0,29.608938547486037
10600.0,12400.0,-14.516129032258066
4700.0,6600.0,-28.78787878787879
2100.0,1825.0,15.068493150684931
500.0,2875.0,-82.6086956521739
10700.0,11100.0,-3.6036036036036037
6700.0,20200.0,-66.83168316831683
27200.0,25600.0,6.25
8600.0,23200.0,-62.93103448275862
14500.0,11800.0,22.88135593220339
7000.0,5900.0,18.64406779661017
10900.0,10400.0,4.807692307692308
1150.0,1600.0,-28.125
29900.0,30000.0,-0.33333333333333337
15250.0,23600.0,-35.38135593220339
49000.0,48000.0,2.083333333333333
10000.0,10850.0,-7.834101382488479
10500.0,8875.0,18.30985915492958
12700.0,12700.0,0.0
7100.0,6400.0,10.9375
36300.0,34800.0,4.310344827586207
6200.0,6325.0,-1.9762845849802373
2600.0,2700.0,-3.7037037037037033
12500.0,11650.0,7.296137339055794
3500.0,6675.0,-47.565543071161045
9400.0,10100.0,-6.9306930693069315
1700.0,1225.0,38.775510204081634
1000.0,575.0,73.91304347826086
16300.0,16000.0,1.875
19250.0,18500.0,4.054054054054054
8000.0,10700.0,-25.233644859813083
10700.0,11800.0,-9.322033898305085
14000.0,15150.0,-7.590759075907591
8500.0,7875.0,7.936507936507936
19300.0,19700.0,-2.030456852791878
23500.0,25200.0,-6.746031746031746
19800.0,17800.0,11.235955056179774
1600.0,1525.0,4.918032786885246
1400.0,1200.0,16.666666666666664
11000.0,10650.0,3.286384976525822
15700.0,14400.0,9.027777777777777
22800.0,23000.0,-0.8695652173913043
12150.0,12450.0,-2.4096385542168677
14500.0,14450.0,0.34602076124567477
16800.0,15850.0,5.993690851735016
14100.0,14250.0,-1.0526315789473684
1250.0,875.0,42.857142857142854
13000.0,12400.0,4.838709677419355
2800.0,2225.0,25.842696629213485
12100.0,10600.0,14.150943396226415
13100.0,12700.0,3.149606299212598
5400.0,5525.0,-2.262443438914027
500.0,1675.0,-70.1492537313433
11800.0,11500.0,2.608695652173913
750.0,900.0,-16.666666666666664
5500.0,5850.0,-5.982905982905983
19200.0,20000.0,-4.0
21700.0,22100.0,-1.809954751131222
1600.0,4150.0,-61.44578313253012
12000.0,11150.0,7.623318385650224
5300.0,3900.0,35.8974358974359
10200.0,10800.0,-5.555555555555555
11400.0,11300.0,0.8849557522123894
2900.0,3075.0,-5.691056910569105
9600.0,9300.0,3.225806451612903
10200.0,12750.0,-20.0
3700.0,5825.0,-36.48068669527897
22000.0,22600.0,-2.6548672566371683
13200.0,13400.0,-1.4925373134328357
23500.0,23000.0,2.1739130434782608
13200.0,14950.0,-11.705685618729097
16400.0,16800.0,-2.380952380952381
11300.0,10700.0,5.607476635514018
2100.0,1600.0,31.25
3100.0,5375.0,-42.32558139534884
1100.0,1975.0,-44.303797468354425
16300.0,16000.0,1.875
4400.0,5325.0,-17.370892018779344
20000.0,19850.0,0.7556675062972292
26400.0,26400.0,0.0
8300.0,9775.0,-15.089514066496163
2400.0,1650.0,45.45454545454545
4300.0,2400.0,79.16666666666666
11500.0,12000.0,-4.166666666666666
16800.0,17800.0,-5.617977528089887
15400.0,14900.0,3.3557046979865772
11000.0,11100.0,-0.9009009009009009
9500.0,9375.0,1.3333333333333335
8200.0,18800.0,-56.38297872340425
26600.0,26900.0,-1.1152416356877324
8900.0,7950.0,11.949685534591195
15500.0,15150.0,2.31023102310231
3800.0,4300.0,-11.627906976744185
13100.0,12550.0,4.382470119521913
44500.0,44000.0,1.1363636363636365
25500.0,24800.0,2.82258064516129
8600.0,7675.0,12.052117263843648
14400.0,15500.0,-7.096774193548387
60000.0,55400.0,8.303249097472925
9000.0,9975.0,-9.774436090225564
20800.0,20900.0,-0.4784688995215311
15000.0,17500.0,-14.285714285714285
5400.0,5175.0,4.3478260869565215
13500.0,13750.0,-1.8181818181818181
29000.0,29400.0,-1.3605442176870748
7500.0,6800.0,10.294117647058822
1800.0,1650.0,9.090909090909092
9200.0,9050.0,1.6574585635359116
5100.0,6050.0,-15.702479338842975
6900.0,6975.0,-1.0752688172043012
16600.0,16100.0,3.1055900621118013
12200.0,15000.0,-18.666666666666668
15500.0,15500.0,0.0
8400.0,12050.0,-30.29045643153527
17000.0,16350.0,3.9755351681957185
900.0,1225.0,-26.53061224489796
900.0,1575.0,-42.857142857142854
12800.0,13200.0,-3.0303030303030303
9300.0,9050.0,2.7624309392265194
15300.0,15300.0,0.0
11800.0,12400.0,-4.838709677419355
9500.0,10900.0,-12.844036697247708
750.0,1075.0,-30.23255813953488
1700.0,9425.0,-81.9628647214854
10700.0,9850.0,8.629441624365482
10400.0,10550.0,-1.4218009478672986
8100.0,8750.0,-7.428571428571429
15600.0,19300.0,-19.170984455958546
49000.0,46700.0,4.925053533190578
11700.0,11900.0,-1.680672268907563
35900.0,42400.0,-15.330188679245282
2600.0,3125.0,-16.8
5900.0,7350.0,-19.727891156462583
12750.0,11250.0,13.333333333333334
10400.0,9875.0,5.3164556962025316
24800.0,27500.0,-9.818181818181818
6700.0,12450.0,-46.1847389558233
14100.0,12950.0,8.880308880308881
14000.0,12500.0,12.0
13600.0,13550.0,0.36900369003690037
5000.0,5950.0,-15.966386554621847
15100.0,13900.0,8.633093525179856
35600.0,33300.0,6.906906906906906
12500.0,13150.0,-4.942965779467681
1100.0,1475.0,-25.423728813559322
15800.0,15750.0,0.31746031746031744
27600.0,25800.0,6.976744186046512
17500.0,16850.0,3.857566765578635
22000.0,27300.0,-19.413919413919416
16700.0,16000.0,4.375
15800.0,16600.0,-4.819277108433735
12400.0,13300.0,-6.7669172932330826
29500.0,30900.0,-4.53074433656958
10600.0,10950.0,-3.1963470319634704
19500.0,19100.0,2.094240837696335
14500.0,14900.0,-2.684563758389262
13501.0,14100.0,-4.24822695035461
27300.0,28200.0,-3.1914893617021276
29700.0,30300.0,-1.9801980198019802
1000.0,1025.0,-2.4390243902439024
16000.0,14900.0,7.38255033557047
41300.0,39600.0,4.292929292929292
1800.0,2125.0,-15.294117647058824
3700.0,3775.0,-1.9867549668874174
12000.0,11450.0,4.8034934497816595
11300.0,12650.0,-10.67193675889328
23800.0,22100.0,7.6923076923076925
7600.0,7225.0,5.190311418685121
19800.0,18450.0,7.317073170731707
21000.0,20000.0,5.0
700.0,1100.0,-36.36363636363637
7500.0,6750.0,11.11111111111111
23800.0,24600.0,-3.2520325203252036
18900.0,18950.0,-0.2638522427440633
2000.0,4400.0,-54.54545454545454
4400.0,3000.0,46.666666666666664
29750.0,30500.0,-2.459016393442623
27000.0,28700.0,-5.923344947735192
6800.0,7275.0,-6.529209621993128
16300.0,16550.0,-1.5105740181268883
15700.0,14200.0,10.56338028169014
13500.0,13400.0,0.7462686567164178
4200.0,3950.0,6.329113924050633
15100.0,14250.0,5.964912280701754
7200.0,7325.0,-1.7064846416382253
9500.0,13450.0,-29.36802973977695
10700.0,10000.0,7.000000000000001
5800.0,4675.0,24.06417112299465
17750.0,17450.0,1.7191977077363898
17500.0,16550.0,5.740181268882175
9500.0,9025.0,5.263157894736842
11000.0,9225.0,19.241192411924118
5000.0,7175.0,-30.313588850174217
23000.0,23400.0,-1.7094017094017095
1200.0,1000.0,20.0
5300.0,5300.0,0.0
15600.0,14400.0,8.333333333333332
7600.0,7700.0,-1.2987012987012987
21000.0,22500.0,-6.666666666666667
34250.0,34100.0,0.43988269794721413
14400.0,15050.0,-4.318936877076411
6200.0,6750.0,-8.148148148148149
500.0,1025.0,-51.21951219512195
22400.0,21500.0,4.186046511627907
4100.0,4450.0,-7.865168539325842
9500.0,11300.0,-15.929203539823009
8500.0,8650.0,-1.7341040462427744
21250.0,20700.0,2.657004830917874
6700.0,12350.0,-45.74898785425101
2700.0,2450.0,10.204081632653061
6000.0,5600.0,7.142857142857142
9900.0,10750.0,-7.906976744186046
5900.0,7625.0,-22.62295081967213
21500.0,21400.0,0.46728971962616817
12200.0,10600.0,15.09433962264151
16000.0,15500.0,3.225806451612903
30200.0,30600.0,-1.3071895424836601
9700.0,8200.0,18.29268292682927
25000.0,19350.0,29.198966408268735
38000.0,35500.0,7.042253521126761
5700.0,8825.0,-35.41076487252124
7600.0,6850.0,10.948905109489052
18300.0,16950.0,7.964601769911504
21000.0,20800.0,0.9615384615384616
8400.0,8750.0,-4.0
17500.0,17600.0,-0.5681818181818182
3400.0,5875.0,-42.12765957446808
19000.0,18450.0,2.9810298102981028
10300.0,10350.0,-0.4830917874396135
3800.0,3150.0,20.634920634920633
2600.0,3250.0,-20.0
10200.0,8400.0,21.428571428571427
1300.0,4125.0,-68.48484848484848
11400.0,11050.0,3.167420814479638
16000.0,16400.0,-2.4390243902439024
12250.0,11850.0,3.375527426160337
30100.0,29400.0,2.380952380952381
9800.0,10800.0,-9.25925925925926
12300.0,11300.0,8.849557522123893
16450.0,15700.0,4.777070063694268
17100.0,14900.0,14.76510067114094
4600.0,3425.0,34.306569343065696
13400.0,13950.0,-3.942652329749104
12400.0,13900.0,-10.79136690647482
16400.0,18150.0,-9.641873278236915
9200.0,8050.0,14.285714285714285
49000.0,46700.0,4.925053533190578
36000.0,33800.0,6.508875739644971
6900.0,7575.0,-8.91089108910891
2600.0,3475.0,-25.179856115107913
15750.0,16400.0,-3.9634146341463414
6250.0,6125.0,2.0408163265306123
3300.0,2825.0,16.8141592920354
22400.0,20400.0,9.803921568627452
12300.0,14050.0,-12.455516014234876
2200.0,1975.0,11.39240506329114
31700.0,32500.0,-2.4615384615384617
8000.0,9475.0,-15.567282321899736
10100.0,10650.0,-5.164319248826291
6000.0,5125.0,17.073170731707318
5600.0,4175.0,34.13173652694611
5600.0,6975.0,-19.71326164874552
3500.0,4500.0,-22.22222222222222
12500.0,11350.0,10.13215859030837
15700.0,15700.0,0.0
21500.0,23300.0,-7.725321888412018
9000.0,7475.0,20.401337792642142
9600.0,9125.0,5.205479452054795
7300.0,8000.0,-8.75
5600.0,11250.0,-50.22222222222222
5100.0,4050.0,25.925925925925924
1600.0,3150.0,-49.2063492063492
5000.0,8375.0,-40.298507462686565
11400.0,11800.0,-3.389830508474576
13500.0,13900.0,-2.877697841726619
9150.0,8125.0,12.615384615384615
5300.0,7425.0,-28.619528619528616
4900.0,3925.0,24.840764331210192
7000.0,7575.0,-7.590759075907591
15500.0,14550.0,6.529209621993128
10500.0,11250.0,-6.666666666666667
4700.0,4175.0,12.574850299401197
20100.0,18950.0,6.068601583113456
4000.0,6375.0,-37.254901960784316
12800.0,13250.0,-3.3962264150943398
7300.0,7475.0,-2.341137123745819
600.0,775.0,-22.58064516129032
8000.0,10700.0,-25.233644859813083
12000.0,12850.0,-6.614785992217899
8600.0,9675.0,-11.11111111111111
25300.0,27800.0,-8.992805755395683
25250.0,24200.0,4.338842975206612
22000.0,22500.0,-2.2222222222222223
2500.0,5875.0,-57.446808510638306
13600.0,13000.0,4.615384615384616
9000.0,9500.0,-5.263157894736842
12800.0,16100.0,-20.496894409937887
14300.0,12200.0,17.21311475409836
4750.0,3425.0,38.68613138686132
11300.0,12650.0,-10.67193675889328
10900.0,10050.0,8.45771144278607
20500.0,20700.0,-0.966183574879227
2300.0,6325.0,-63.63636363636363
11750.0,11700.0,0.4273504273504274
4000.0,6300.0,-36.507936507936506
19600.0,20100.0,-2.4875621890547266
10700.0,10550.0,1.4218009478672986
14500.0,13100.0,10.687022900763358
27800.0,28800.0,-3.4722222222222223
11700.0,11950.0,-2.092050209205021
800.0,775.0,3.225806451612903
600.0,725.0,-17.24137931034483
15100.0,17500.0,-13.714285714285715
12500.0,11300.0,10.619469026548673
18500.0,18350.0,0.8174386920980926
11600.0,12350.0,-6.0728744939271255
9800.0,10050.0,-2.4875621890547266
7400.0,8800.0,-15.909090909090908
22800.0,22600.0,0.8849557522123894
11600.0,11850.0,-2.109704641350211
26200.0,28800.0,-9.027777777777777
3200.0,2550.0,25.49019607843137
20000.0,19600.0,2.0408163265306123
13700.0,14900.0,-8.053691275167784
1100.0,1475.0,-25.423728813559322
22500.0,22900.0,-1.7467248908296942
5200.0,7175.0,-27.526132404181187
19300.0,17850.0,8.123249299719888
18800.0,19400.0,-3.0927835051546393
19900.0,20800.0,-4.326923076923077
18300.0,17200.0,6.395348837209303
9600.0,9550.0,0.5235602094240838
2500.0,3525.0,-29.078014184397162
28000.0,28300.0,-1.0600706713780919
11900.0,11850.0,0.42194092827004215
2900.0,3750.0,-22.666666666666664
8100.0,8050.0,0.6211180124223602
9000.0,7150.0,25.874125874125873
22500.0,22000.0,2.272727272727273
10250.0,8700.0,17.81609195402299
10000.0,10650.0,-6.103286384976526
2100.0,1625.0,29.230769230769234
13200.0,14000.0,-5.714285714285714
500.0,1050.0,-52.38095238095239
25000.0,24100.0,3.7344398340248963
2900.0,2775.0,4.504504504504505
12100.0,12150.0,-0.411522633744856
16700.0,18050.0,-7.479224376731302
18600.0,20800.0,-10.576923076923077
22500.0,21300.0,5.633802816901409
6300.0,7125.0,-11.578947368421053
31400.0,29400.0,6.802721088435375
7700.0,7300.0,5.47945205479452
9200.0,8950.0,2.793296089385475
16500.0,16300.0,1.2269938650306749
16600.0,16500.0,0.6060606060606061
8400.0,8250.0,1.8181818181818181
8400.0,7450.0,12.751677852348994
